id,name,website,normalized_domain,industry,location,size_category,source_list,method,fallback_used,first_seen,last_seen
4738,Furniture,https://bananafurniturestore.com,bananafurniturestore.com,furniture,"Seattle, WA",,"[""yellowpages""]",,,2025-10-08T05:41:42.364Z,2025-10-08T05:41:42.364Z
4739,Bedrooms and More-Seattle,http://www.bedroomsandmore.com,bedroomsandmore.com,furniture,"Seattle, WA",,"[""yellowpages""]",,,2025-10-08T05:41:42.365Z,2025-10-08T05:41:42.371Z
4740,Bassett Furniture,http://www.bassettfurniture.com,bassettfurniture.com,furniture,"Seattle, WA",,"[""yellowpages""]",,,2025-10-08T05:41:42.366Z,2025-10-08T05:41:42.366Z
4741,West Elm,https://www.westelm.com/stores/us-wa-seattle-south-lake-union,westelm.com,furniture,"Seattle, WA",,"[""yellowpages""]",,,2025-10-08T05:41:42.366Z,2025-10-08T05:41:42.366Z
4742,Crate & Barrel,https://www.crateandbarrel.com/stores/university-village/str452,crateandbarrel.com,furniture,"Seattle, WA",,"[""yellowpages""]",,,2025-10-08T05:41:42.366Z,2025-10-08T05:41:42.366Z
4743,Room & Board,https://www.roomandboard.com/stores/seattle?Camp=loc_seattle,roomandboard.com,furniture,"Seattle, WA",,"[""yellowpages""]",,,2025-10-08T05:41:42.366Z,2025-10-08T05:41:42.366Z
4744,Elements,https://m.facebook.com/pages/elements/140348899333755,m.facebook.com,furniture,"Seattle, WA",,"[""yellowpages""]",,,2025-10-08T05:41:42.366Z,2025-10-08T05:41:42.366Z
4745,Maison Luxe,https://maisonluxe.net,maisonluxe.net,furniture,"Seattle, WA",,"[""yellowpages""]",,,2025-10-08T05:41:42.366Z,2025-10-08T05:41:42.366Z
4746,Sleepers in Seattle,http://www.sleepersinseattle.com,sleepersinseattle.com,furniture,"Seattle, WA",,"[""yellowpages""]",,,2025-10-08T05:41:42.367Z,2025-10-08T05:41:42.367Z
4747,Kasala,http://kasala.com,kasala.com,furniture,"Seattle, WA",,"[""yellowpages""]",,,2025-10-08T05:41:42.367Z,2025-10-08T05:41:42.370Z
4748,Foremost Wholesale Furniture,http://www.renaissancefurniture.com,renaissancefurniture.com,furniture,"Seattle, WA",,"[""yellowpages""]",,,2025-10-08T05:41:42.367Z,2025-10-08T05:41:42.367Z
4749,Camerich by Alchemy Collections,http://www.camerichusa.com,camerichusa.com,furniture,"Seattle, WA",,"[""yellowpages""]",,,2025-10-08T05:41:42.367Z,2025-10-08T05:41:42.367Z
4750,Magnia Flex Gallery,http://moderndesignsofas.com,moderndesignsofas.com,furniture,"Seattle, WA",,"[""yellowpages""]",,,2025-10-08T05:41:42.367Z,2025-10-08T05:41:42.401Z
4751,CB2,https://www.cb2.com/stores/university-village/str58,cb2.com,furniture,"Seattle, WA",,"[""yellowpages""]",,,2025-10-08T05:41:42.368Z,2025-10-08T05:41:42.368Z
4752,Diva Furniture,http://divafurnitureseattle.com,divafurnitureseattle.com,furniture,"Seattle, WA",,"[""yellowpages""]",,,2025-10-08T05:41:42.368Z,2025-10-08T05:41:42.368Z
4753,Tirto Furniture,http://www.tirtofurniture.com,tirtofurniture.com,furniture,"Seattle, WA",,"[""yellowpages""]",,,2025-10-08T05:41:42.368Z,2025-10-08T05:41:42.368Z
4754,Resource Furniture,https://resourcefurniture.com/showrooms/seattle,resourcefurniture.com,furniture,"Seattle, WA",,"[""yellowpages""]",,,2025-10-08T05:41:42.368Z,2025-10-08T05:41:42.368Z
4755,RH Outlet Bellevue,https://rh.com/store-locations/stores.jsp,rh.com,furniture,"Seattle, WA",,"[""yellowpages""]",,,2025-10-08T05:41:42.368Z,2025-10-08T05:41:42.402Z
4756,Dania,http://daniafurniture.com,daniafurniture.com,furniture,"Seattle, WA",,"[""yellowpages""]",,,2025-10-08T05:41:42.368Z,2025-10-08T05:41:42.393Z
4757,Furniture Row,https://www.furniturerow.com/sale?utm_source=FurnitureRowYP&utm_medium=cpc&utm_campaign=FR,furniturerow.com,furniture,"Seattle, WA",,"[""yellowpages""]",,,2025-10-08T05:41:42.368Z,2025-10-08T05:41:42.368Z
4758,VPI Furniture Consultants,http://vpirep.com,vpirep.com,furniture,"Seattle, WA",,"[""yellowpages""]",,,2025-10-08T05:41:42.368Z,2025-10-08T05:41:42.368Z
4759,Urbancase,http://www.urbancase.com,urbancase.com,furniture,"Seattle, WA",,"[""yellowpages""]",,,2025-10-08T05:41:42.368Z,2025-10-08T05:41:42.368Z
4760,Creoworks,http://www.creoworks.com,creoworks.com,furniture,"Seattle, WA",,"[""yellowpages""]",,,2025-10-08T05:41:42.369Z,2025-10-08T05:41:42.369Z
4761,Scan Design By Inge-Jens Bruun,https://www.scandesignfoundation.org/terms-and-conditions,scandesignfoundation.org,furniture,"Seattle, WA",,"[""yellowpages""]",,,2025-10-08T05:41:42.369Z,2025-10-08T05:41:42.369Z
4762,MOE'S Home Collection,https://www.moeshome.com,moeshome.com,furniture,"Seattle, WA",,"[""yellowpages""]",,,2025-10-08T05:41:42.369Z,2025-10-08T05:41:42.369Z
4763,Seva,https://www.sevahome.com/contact,sevahome.com,furniture,"Seattle, WA",,"[""yellowpages""]",,,2025-10-08T05:41:42.369Z,2025-10-08T05:41:42.369Z
4764,Bamboo Hardwood,https://www.bhwfloors.com,bhwfloors.com,furniture,"Seattle, WA",,"[""yellowpages""]",,,2025-10-08T05:41:42.369Z,2025-10-08T05:41:42.369Z
4765,Loft 63,http://loft63.com,loft63.com,furniture,"Seattle, WA",,"[""yellowpages""]",,,2025-10-08T05:41:42.369Z,2025-10-08T05:41:42.369Z
4766,Bang Knudsen Inc,http://www.bang-knudsen.com,bang-knudsen.com,furniture,"Seattle, WA",,"[""yellowpages""]",,,2025-10-08T05:41:42.369Z,2025-10-08T05:41:42.369Z
4767,Carrie Hayden Studio Collective Showroom,http://carriehayden.com/contact,carriehayden.com,furniture,"Seattle, WA",,"[""yellowpages""]",,,2025-10-08T05:41:42.369Z,2025-10-08T05:41:42.369Z
4768,Urban Hardwoods,http://www.urbanhardwoods.com,urbanhardwoods.com,furniture,"Seattle, WA",,"[""yellowpages""]",,,2025-10-08T05:41:42.369Z,2025-10-08T05:41:42.369Z
4769,ReRunRoom,http://www.rerunroom.com,rerunroom.com,furniture,"Seattle, WA",,"[""yellowpages""]",,,2025-10-08T05:41:42.369Z,2025-10-08T05:41:42.369Z
4770,Modele's Home Furnishings,https://www.modelesfurniture.com,modelesfurniture.com,furniture,"Seattle, WA",,"[""yellowpages""]",,,2025-10-08T05:41:42.369Z,2025-10-08T05:41:42.392Z
4771,N W Furniture Resource,https://nwfurnitureresource.com/contact-us,nwfurnitureresource.com,furniture,"Seattle, WA",,"[""yellowpages""]",,,2025-10-08T05:41:42.369Z,2025-10-08T05:41:42.369Z
4772,Urban Reclamations,http://urbanreclamations.com,urbanreclamations.com,furniture,"Seattle, WA",,"[""yellowpages""]",,,2025-10-08T05:41:42.370Z,2025-10-08T05:41:42.370Z
4773,Joel Shepard Furniture,http://www.joelshepardfurniture.com/contact.htm,joelshepardfurniture.com,furniture,"Seattle, WA",,"[""yellowpages""]",,,2025-10-08T05:41:42.370Z,2025-10-08T05:41:42.370Z
4774,Island Reclaimed Wood,https://www.islandreclaimedwood.com,islandreclaimedwood.com,furniture,"Seattle, WA",,"[""yellowpages""]",,,2025-10-08T05:41:42.370Z,2025-10-08T05:41:42.370Z
4775,Harem Off Broadway,http://apartments.com/vertex-off-broadway-seattle-wa/c5t177e,apartments.com,furniture,"Seattle, WA",,"[""yellowpages""]",,,2025-10-08T05:41:42.370Z,2025-10-08T05:41:42.370Z
4776,Codor Design,https://codordesign.com,codordesign.com,furniture,"Seattle, WA",,"[""yellowpages""]",,,2025-10-08T05:41:42.370Z,2025-10-08T05:41:42.370Z
4777,Kohler Co-Baker,https://www.kohlercompany.com,kohlercompany.com,furniture,"Seattle, WA",,"[""yellowpages""]",,,2025-10-08T05:41:42.370Z,2025-10-08T05:41:42.370Z
4778,Lovesac - Closed,http://www.lovesac.com,lovesac.com,furniture,"Seattle, WA",,"[""yellowpages""]",,,2025-10-08T05:41:42.370Z,2025-10-08T05:41:42.401Z
4779,Bamboo Hardwoods,http://www.bamboohardwoods.com,bamboohardwoods.com,furniture,"Seattle, WA",,"[""yellowpages""]",,,2025-10-08T05:41:42.370Z,2025-10-08T05:41:42.370Z
4780,Space Oddity Vintage Furniture,http://spaceoddityvintage.blogspot.com,spaceoddityvintage.blogspot.com,furniture,"Seattle, WA",,"[""yellowpages""]",,,2025-10-08T05:41:42.370Z,2025-10-08T05:41:42.370Z
4781,Bellingham Digs,https://www.digsshowroom.com,digsshowroom.com,furniture,"Seattle, WA",,"[""yellowpages""]",,,2025-10-08T05:41:42.370Z,2025-10-08T05:41:42.370Z
4782,Design Within Reach,https://www.dwr.com/store?lang=en_US&StoreId=33,dwr.com,furniture,"Seattle, WA",,"[""yellowpages""]",,,2025-10-08T05:41:42.371Z,2025-10-08T05:41:42.371Z
4783,Retrofit Home,http://www.retrofithome.com,retrofithome.com,furniture,"Seattle, WA",,"[""yellowpages""]",,,2025-10-08T05:41:42.371Z,2025-10-08T05:41:42.371Z
4784,Interior Life,http://ligne-roset-usa.com,ligne-roset-usa.com,furniture,"Seattle, WA",,"[""yellowpages""]",,,2025-10-08T05:41:42.371Z,2025-10-08T05:41:42.391Z
4785,Rba Design,http://www.rbafurnituresolutions.com,rbafurnituresolutions.com,furniture,"Seattle, WA",,"[""yellowpages""]",,,2025-10-08T05:41:42.371Z,2025-10-08T05:41:42.371Z
4786,Couch,http://www.couchseattle.com,couchseattle.com,furniture,"Seattle, WA",,"[""yellowpages""]",,,2025-10-08T05:41:42.371Z,2025-10-08T05:41:42.371Z
4787,NW Gallery of Fine Wdwkg,http://www.nwfinewoodworking.com,nwfinewoodworking.com,furniture,"Seattle, WA",,"[""yellowpages""]",,,2025-10-08T05:41:42.371Z,2025-10-08T05:41:42.371Z
4788,Roche Bobois,https://www.roche-bobois.com/en-US/showrooms/seattle,roche-bobois.com,furniture,"Seattle, WA",,"[""yellowpages""]",,,2025-10-08T05:41:42.371Z,2025-10-08T05:41:42.371Z
4789,Sam's Club,http://www.samsclub.com,samsclub.com,furniture,"Seattle, WA",,"[""yellowpages""]",,,2025-10-08T05:41:42.372Z,2025-10-08T05:41:42.372Z
4790,Savvy Home,http://savvyhomestore.com,savvyhomestore.com,furniture,"Seattle, WA",,"[""yellowpages""]",,,2025-10-08T05:41:42.372Z,2025-10-08T05:41:42.372Z
4791,Ducky's Office Furniture,http://www.duckys.com,duckys.com,furniture,"Seattle, WA",,"[""yellowpages""]",,,2025-10-08T05:41:42.385Z,2025-10-08T05:41:42.385Z
4792,Mastercraft Metal,http://mastercraftmetalplating.com,mastercraftmetalplating.com,furniture,"Seattle, WA",,"[""yellowpages""]",,,2025-10-08T05:41:42.386Z,2025-10-08T05:41:42.386Z
4793,Demi-Lune,http://www.lademi-lune.com,lademi-lune.com,furniture,"Seattle, WA",,"[""yellowpages""]",,,2025-10-08T05:41:42.386Z,2025-10-08T05:41:42.386Z
4794,Chadhaus,http://chadhaus.com,chadhaus.com,furniture,"Seattle, WA",,"[""yellowpages""]",,,2025-10-08T05:41:42.386Z,2025-10-08T05:41:42.386Z
4795,CBD Furniture,http://www.cbdfurniture.com,cbdfurniture.com,furniture,"Seattle, WA",,"[""yellowpages""]",,,2025-10-08T05:41:42.387Z,2025-10-08T05:41:42.387Z
4796,Brookstone,http://www.brookstone.com,brookstone.com,furniture,"Seattle, WA",,"[""yellowpages""]",,,2025-10-08T05:41:42.388Z,2025-10-08T05:41:42.388Z
4797,The Futon Shop,https://www.thefutonshop.com/the-futon-shop-seattle,thefutonshop.com,furniture,"Seattle, WA",,"[""yellowpages""]",,,2025-10-08T05:41:42.388Z,2025-10-08T05:41:42.388Z
4798,Mattress Firm,https://www.mattressfirm.com/en-us/stores/wa/seattle/508056,mattressfirm.com,furniture,"Seattle, WA",,"[""yellowpages""]",,,2025-10-08T05:41:42.388Z,2025-10-08T05:41:42.388Z
4799,Saatva,https://www.saatva.com/locations/seattle/universityvillage?utm_source=local&utm_medium=organic&utm_campaign=yext-main&utm_content=Sea-4715-25th,saatva.com,furniture,"Seattle, WA",,"[""yellowpages""]",,,2025-10-08T05:41:42.388Z,2025-10-08T05:41:42.388Z
4800,Discount Direct Furniture | Mattresses,https://discountdirectfurniture.com,discountdirectfurniture.com,furniture,"Seattle, WA",,"[""yellowpages""]",,,2025-10-08T05:41:42.389Z,2025-10-08T05:41:42.389Z
4801,Rejuvenation,http://www.biorejuvenation.com,biorejuvenation.com,furniture,"Seattle, WA",,"[""yellowpages""]",,,2025-10-08T05:41:42.389Z,2025-10-08T05:41:42.389Z
4802,HomeGoods,http://www.homegoods.com,homegoods.com,furniture,"Seattle, WA",,"[""yellowpages""]",,,2025-10-08T05:41:42.389Z,2025-10-08T05:41:42.389Z
4803,Phase Two Interiors,http://www.phasetwointeriors.com,phasetwointeriors.com,furniture,"Seattle, WA",,"[""yellowpages""]",,,2025-10-08T05:41:42.389Z,2025-10-08T05:41:42.389Z
4804,Pedini Seattle,https://www.pediniseattle.com,pediniseattle.com,furniture,"Seattle, WA",,"[""yellowpages""]",,,2025-10-08T05:41:42.389Z,2025-10-08T05:41:42.389Z
4805,Pottery Barn Kids,https://www.potterybarnkids.com/stores/us-wa-seattle-university-village,potterybarnkids.com,furniture,"Seattle, WA",,"[""yellowpages""]",,,2025-10-08T05:41:42.390Z,2025-10-08T05:41:42.398Z
4806,Purple - University Village,https://www.purple.com/stores/washington/seattle/purple-seattle-98105-wa-01,purple.com,furniture,"Seattle, WA",,"[""yellowpages""]",,,2025-10-08T05:41:42.390Z,2025-10-08T05:41:42.393Z
4807,Inhabitr Seattle Furniture Rental,https://www.inhabitr.com/seattle,inhabitr.com,furniture,"Seattle, WA",,"[""yellowpages""]",,,2025-10-08T05:41:42.390Z,2025-10-08T05:41:42.390Z
4808,Contract Furnishings Mart,https://cfmfloors.com,cfmfloors.com,furniture,"Seattle, WA",,"[""yellowpages""]",,,2025-10-08T05:41:42.390Z,2025-10-08T05:41:42.390Z
4809,Acme Office Furniture,https://www.acmecorp.com,acmecorp.com,furniture,"Seattle, WA",,"[""yellowpages""]",,,2025-10-08T05:41:42.390Z,2025-10-08T05:41:42.390Z
4810,Dixon Used Furniture,http://dixonsfurniture.com,dixonsfurniture.com,furniture,"Seattle, WA",,"[""yellowpages""]",,,2025-10-08T05:41:42.390Z,2025-10-08T05:41:42.390Z
4811,Stephen Hultberg Furniture MKR,http://hultbergfurniture.com/contact.html,hultbergfurniture.com,furniture,"Seattle, WA",,"[""yellowpages""]",,,2025-10-08T05:41:42.390Z,2025-10-08T05:41:42.390Z
4812,Henry Built,http://henrybuilt.com,henrybuilt.com,furniture,"Seattle, WA",,"[""yellowpages""]",,,2025-10-08T05:41:42.391Z,2025-10-08T05:41:42.391Z
4813,Lifeguard Structures,http://lifeguardstructures.com,lifeguardstructures.com,furniture,"Seattle, WA",,"[""yellowpages""]",,,2025-10-08T05:41:42.391Z,2025-10-08T05:41:42.391Z
4814,Inform Interior,http://informinteriors.design,informinteriors.design,furniture,"Seattle, WA",,"[""yellowpages""]",,,2025-10-08T05:41:42.391Z,2025-10-08T05:41:42.391Z
4815,Clo Design,http://clo-design.com,clo-design.com,furniture,"Seattle, WA",,"[""yellowpages""]",,,2025-10-08T05:41:42.391Z,2025-10-08T05:41:42.391Z
4816,Meyer Wells-Art From Wood,https://www.meyerwells.com,meyerwells.com,furniture,"Seattle, WA",,"[""yellowpages""]",,,2025-10-08T05:41:42.392Z,2025-10-08T05:41:42.392Z
4817,Sears,http://www.sears.com,sears.com,furniture,"Seattle, WA",,"[""yellowpages""]",,,2025-10-08T05:41:42.392Z,2025-10-08T05:41:42.392Z
4818,Soaring Heart Futons,http://www.soaringheart.com,soaringheart.com,furniture,"Seattle, WA",,"[""yellowpages""]",,,2025-10-08T05:41:42.392Z,2025-10-08T05:41:42.399Z
4819,Ebanista Inc,http://ebanista.com,ebanista.com,furniture,"Seattle, WA",,"[""yellowpages""]",,,2025-10-08T05:41:42.392Z,2025-10-08T05:41:42.392Z
4820,J Garner Home Inc,http://www.jgarnerhome.com,jgarnerhome.com,furniture,"Seattle, WA",,"[""yellowpages""]",,,2025-10-08T05:41:42.392Z,2025-10-08T05:41:42.392Z
4821,CR Associates,http://www.cr-associates.net/contact#top,cr-associates.net,furniture,"Seattle, WA",,"[""yellowpages""]",,,2025-10-08T05:41:42.392Z,2025-10-08T05:41:42.392Z
4822,Altstadt Interiors,http://altstadtinteriors.com,altstadtinteriors.com,furniture,"Seattle, WA",,"[""yellowpages""]",,,2025-10-08T05:41:42.393Z,2025-10-08T05:41:42.393Z
4823,King Marine Canvas Products,https://www.kingmarinecanvas.com,kingmarinecanvas.com,furniture,"Seattle, WA",,"[""yellowpages""]",,,2025-10-08T05:41:42.393Z,2025-10-08T05:41:42.393Z
4824,Paya Bay Kitchen,http://bongosseattle.com,bongosseattle.com,furniture,"Seattle, WA",,"[""yellowpages""]",,,2025-10-08T05:41:42.393Z,2025-10-08T05:41:42.393Z
4825,The Phinery,http://www.thephinery.com,thephinery.com,furniture,"Seattle, WA",,"[""yellowpages""]",,,2025-10-08T05:41:42.393Z,2025-10-08T05:41:42.393Z
4826,Work Pointe,http://workpointe.com,workpointe.com,furniture,"Seattle, WA",,"[""yellowpages""]",,,2025-10-08T05:41:42.393Z,2025-10-08T05:41:42.393Z
4827,Michael Folks Showroom,http://michaelfolks.com,michaelfolks.com,furniture,"Seattle, WA",,"[""yellowpages""]",,,2025-10-08T05:41:42.393Z,2025-10-08T05:41:42.393Z
4828,Bank & Office INTERIORS,http://www.bankandoffice.com,bankandoffice.com,furniture,"Seattle, WA",,"[""yellowpages""]",,,2025-10-08T05:41:42.393Z,2025-10-08T05:41:42.393Z
4829,Pottery Barn,https://www.potterybarn.com/stores/us-wa-seattle-university-village,potterybarn.com,furniture,"Seattle, WA",,"[""yellowpages""]",,,2025-10-08T05:41:42.393Z,2025-10-08T05:41:42.393Z
4830,Baker Knapp & Tubbs,http://www.bakerfurniture.com,bakerfurniture.com,furniture,"Seattle, WA",,"[""yellowpages""]",,,2025-10-08T05:41:42.393Z,2025-10-08T05:41:42.393Z
4831,Trammell-Gagne,http://seattledesigncenter.com,seattledesigncenter.com,furniture,"Seattle, WA",,"[""yellowpages""]",,,2025-10-08T05:41:42.393Z,2025-10-08T05:41:42.393Z
4832,Designer Furniture Galleries,http://www.dfgseattle.com,dfgseattle.com,furniture,"Seattle, WA",,"[""yellowpages""]",,,2025-10-08T05:41:42.393Z,2025-10-08T05:41:42.393Z
4833,Camelion Design,http://www.cameliondesign.com,cameliondesign.com,furniture,"Seattle, WA",,"[""yellowpages""]",,,2025-10-08T05:41:42.394Z,2025-10-08T05:41:42.394Z
4834,"Eidem Upholstery, LLC",http://www.eidemupholstery.com,eidemupholstery.com,furniture,"Seattle, WA",,"[""yellowpages""]",,,2025-10-08T05:41:42.394Z,2025-10-08T05:41:42.395Z
4835,The Furniture Guy Consignment Store,http://www.furnitureguyseattle.com,furnitureguyseattle.com,furniture,"Seattle, WA",,"[""yellowpages""]",,,2025-10-08T05:41:42.394Z,2025-10-08T05:41:42.394Z
4836,World Market,https://stores.worldmarket.com/wa/seattle/2103-western-avenue.html,stores.worldmarket.com,furniture,"Seattle, WA",,"[""yellowpages""]",,,2025-10-08T05:41:42.394Z,2025-10-08T05:41:42.394Z
4837,"Singer Antique Galleries, LTD",http://www.singergalleries.com,singergalleries.com,furniture,"Seattle, WA",,"[""yellowpages""]",,,2025-10-08T05:41:42.394Z,2025-10-08T05:41:42.394Z
4838,Tom McIntosh Glass and Glazing,http://www.tommcintoshglassandglazing.com,tommcintoshglassandglazing.com,furniture,"Seattle, WA",,"[""yellowpages""]",,,2025-10-08T05:41:42.394Z,2025-10-08T05:41:42.394Z
4839,"Hitch Works, Inc",http://www.haworth.com,haworth.com,furniture,"Seattle, WA",,"[""yellowpages""]",,,2025-10-08T05:41:42.394Z,2025-10-08T05:41:42.394Z
4840,Foi Commercial Interiors,http://foici.com,foici.com,furniture,"Seattle, WA",,"[""yellowpages""]",,,2025-10-08T05:41:42.394Z,2025-10-08T05:41:42.394Z
4841,Western Office Interiors,http://www.westernoffice.com,westernoffice.com,furniture,"Seattle, WA",,"[""yellowpages""]",,,2025-10-08T05:41:42.395Z,2025-10-08T05:41:42.395Z
4842,Omworkspace,http://omworkspace.com,omworkspace.com,furniture,"Seattle, WA",,"[""yellowpages""]",,,2025-10-08T05:41:42.395Z,2025-10-08T05:41:42.395Z
4843,Ballard Goodwill,https://evergreengoodwill.org/locations/2-ballard,evergreengoodwill.org,furniture,"Seattle, WA",,"[""yellowpages""]",,,2025-10-08T05:41:42.395Z,2025-10-08T05:41:42.399Z
4844,Goodwill Stores,http://www.goodwill.org,goodwill.org,furniture,"Seattle, WA",,"[""yellowpages""]",,,2025-10-08T05:41:42.395Z,2025-10-08T05:41:42.395Z
4845,Sleep Country USA,http://stores.sleeptrain.com/wa/seattle/mattress-stores-seattle-wa-335.html,stores.sleeptrain.com,furniture,"Seattle, WA",,"[""yellowpages""]",,,2025-10-08T05:41:42.395Z,2025-10-08T05:41:42.399Z
4846,Wallbeds Northwest,https://wallbedsnw.com/contact-us,wallbedsnw.com,furniture,"Seattle, WA",,"[""yellowpages""]",,,2025-10-08T05:41:42.395Z,2025-10-08T05:41:42.395Z
4847,Tech Line Communications,http://techlineinc.com,techlineinc.com,furniture,"Seattle, WA",,"[""yellowpages""]",,,2025-10-08T05:41:42.395Z,2025-10-08T05:41:42.395Z
4848,Interior Environments,http://www.iecustom.com,iecustom.com,furniture,"Seattle, WA",,"[""yellowpages""]",,,2025-10-08T05:41:42.395Z,2025-10-08T05:41:42.395Z
4849,Ballard Refinishers,http://www.qagroup.us,qagroup.us,furniture,"Seattle, WA",,"[""yellowpages""]",,,2025-10-08T05:41:42.395Z,2025-10-08T05:41:42.395Z
4850,Kelley Connect,https://kelleyconnect.com,kelleyconnect.com,furniture,"Seattle, WA",,"[""yellowpages""]",,,2025-10-08T05:41:42.395Z,2025-10-08T05:41:42.395Z
4851,Castillo's Custom Upholstery,http://www.castillosupholstery.com,castillosupholstery.com,furniture,"Seattle, WA",,"[""yellowpages""]",,,2025-10-08T05:41:42.396Z,2025-10-08T05:41:42.396Z
4852,Warmington & North Co,http://warmingtonandnorth.com,warmingtonandnorth.com,furniture,"Seattle, WA",,"[""yellowpages""]",,,2025-10-08T05:41:42.396Z,2025-10-08T05:41:42.396Z
4853,Alchemy Collections Modern Furniture,https://alchemycollections.com,alchemycollections.com,furniture,"Seattle, WA",,"[""yellowpages""]",,,2025-10-08T05:41:42.396Z,2025-10-08T05:41:42.396Z
4854,Affordable Furniture Assembly,http://www.affordablefurnitureassembly.com/Services.html,affordablefurnitureassembly.com,furniture,"Seattle, WA",,"[""yellowpages""]",,,2025-10-08T05:41:42.396Z,2025-10-08T05:41:42.396Z
4855,Durham Upholstery,http://durhamuph.com,durhamuph.com,furniture,"Seattle, WA",,"[""yellowpages""]",,,2025-10-08T05:41:42.396Z,2025-10-08T05:41:42.396Z
4856,InkFarm.com,http://www.inkfarm.com,inkfarm.com,furniture,"Seattle, WA",,"[""yellowpages""]",,,2025-10-08T05:41:42.396Z,2025-10-08T05:41:42.396Z
4857,Copiers Northwest,http://www.copiersnw.com,copiersnw.com,furniture,"Seattle, WA",,"[""yellowpages""]",,,2025-10-08T05:41:42.396Z,2025-10-08T05:41:42.396Z
4858,OfficeMax,https://www.officedepot.com/storelocator/wa/ballard/officemax-6354,officedepot.com,furniture,"Seattle, WA",,"[""yellowpages""]",,,2025-10-08T05:41:42.396Z,2025-10-08T05:41:42.397Z
4859,Essentia - Natural Memory Foam Mattresses,http://www.myessentia.com/locations/seattle,myessentia.com,furniture,"Seattle, WA",,"[""yellowpages""]",,,2025-10-08T05:41:42.396Z,2025-10-08T05:41:42.396Z
4860,Salmon Bay Woodworks,http://www.salmonbaywoodworks.com,salmonbaywoodworks.com,furniture,"Seattle, WA",,"[""yellowpages""]",,,2025-10-08T05:41:42.397Z,2025-10-08T05:41:42.397Z
4861,Olympic Distributors Inc,http://olympicdistributors.com,olympicdistributors.com,furniture,"Seattle, WA",,"[""yellowpages""]",,,2025-10-08T05:41:42.397Z,2025-10-08T05:41:42.397Z
4862,White Center Glass & Upholstery,http://www.whitecenterglass.com,whitecenterglass.com,furniture,"Seattle, WA",,"[""yellowpages""]",,,2025-10-08T05:41:42.397Z,2025-10-08T05:41:42.397Z
4863,Pacific Office Automation,https://www.pacificoffice.com,pacificoffice.com,furniture,"Seattle, WA",,"[""yellowpages""]",,,2025-10-08T05:41:42.397Z,2025-10-08T05:41:42.397Z
4864,OfficeMax,http://www.officemax.com,officemax.com,furniture,"Seattle, WA",,"[""yellowpages""]",,,2025-10-08T05:41:42.397Z,2025-10-08T05:41:42.397Z
4865,Staples,http://www.staples.com,staples.com,furniture,"Seattle, WA",,"[""yellowpages""]",,,2025-10-08T05:41:42.397Z,2025-10-08T05:41:42.397Z
4866,New Finishes Electrostatic Inc,http://www.newfinishes.com,newfinishes.com,furniture,"Seattle, WA",,"[""yellowpages""]",,,2025-10-08T05:41:42.397Z,2025-10-08T05:41:42.397Z
4867,Cadre Commercial,https://www.unispace.com,unispace.com,furniture,"Seattle, WA",,"[""yellowpages""]",,,2025-10-08T05:41:42.397Z,2025-10-08T05:41:42.397Z
4868,Value Village,http://www.valuevillage.com,valuevillage.com,furniture,"Seattle, WA",,"[""yellowpages""]",,,2025-10-08T05:41:42.397Z,2025-10-08T05:41:42.397Z
4869,Plum Studio,http://plumstudio2.com/spanish-desk-restoration,plumstudio2.com,furniture,"Seattle, WA",,"[""yellowpages""]",,,2025-10-08T05:41:42.397Z,2025-10-08T05:41:42.397Z
4870,Hacienda Custom Woodwork,http://www.hcwoodwork.com,hcwoodwork.com,furniture,"Seattle, WA",,"[""yellowpages""]",,,2025-10-08T05:41:42.397Z,2025-10-08T05:41:42.397Z
4871,Open Square,https://www.oneworkplace.com/contact-us,oneworkplace.com,furniture,"Seattle, WA",,"[""yellowpages""]",,,2025-10-08T05:41:42.397Z,2025-10-08T05:41:42.397Z
4872,Saturn Design Inc,http://saturndesign.com,saturndesign.com,furniture,"Seattle, WA",,"[""yellowpages""]",,,2025-10-08T05:41:42.397Z,2025-10-08T05:41:42.397Z
4873,Queen Anne Upholstery and Refinishing,https://queenanneupholstery.com,queenanneupholstery.com,furniture,"Seattle, WA",,"[""yellowpages""]",,,2025-10-08T05:41:42.398Z,2025-10-08T05:41:42.398Z
4874,David M Fen,http://www.davidfen.com,davidfen.com,furniture,"Seattle, WA",,"[""yellowpages""]",,,2025-10-08T05:41:42.398Z,2025-10-08T05:41:42.398Z
4875,Dardonville Furniture Restoration,http://www.dardonville.com,dardonville.com,furniture,"Seattle, WA",,"[""yellowpages""]",,,2025-10-08T05:41:42.398Z,2025-10-08T05:41:42.398Z
4876,Ballard Woodworks,http://www.ballardworks.com,ballardworks.com,furniture,"Seattle, WA",,"[""yellowpages""]",,,2025-10-08T05:41:42.398Z,2025-10-08T05:41:42.398Z
4877,Ballard Consignment,http://ballardconsignment.com,ballardconsignment.com,furniture,"Seattle, WA",,"[""yellowpages""]",,,2025-10-08T05:41:42.398Z,2025-10-08T05:41:42.398Z
4878,Stewart Wurtz Furniture,https://www.stewartwurtz.com,stewartwurtz.com,furniture,"Seattle, WA",,"[""yellowpages""]",,,2025-10-08T05:41:42.398Z,2025-10-08T05:41:42.398Z
4879,Heartwood Finishing,http://heartwoodfinishing.com/index.html,heartwoodfinishing.com,furniture,"Seattle, WA",,"[""yellowpages""]",,,2025-10-08T05:41:42.398Z,2025-10-08T05:41:42.398Z
4880,Seismic NW,https://seismicnorthwest.com/contact,seismicnorthwest.com,furniture,"Seattle, WA",,"[""yellowpages""]",,,2025-10-08T05:41:42.399Z,2025-10-08T05:41:42.399Z
4881,Gabel's Custom Refinishing & Upholstery,http://www.gabelsrefinishing.com,gabelsrefinishing.com,furniture,"Seattle, WA",,"[""yellowpages""]",,,2025-10-08T05:41:42.399Z,2025-10-08T05:41:42.399Z
4882,Darrell Peart Furnituremarket,https://furnituremaker.com/about-darrell/contact-darrell,furnituremaker.com,furniture,"Seattle, WA",,"[""yellowpages""]",,,2025-10-08T05:41:42.399Z,2025-10-08T05:41:42.399Z
4883,Complete Office,http://www.complete-office.com,complete-office.com,furniture,"Seattle, WA",,"[""yellowpages""]",,,2025-10-08T05:41:42.399Z,2025-10-08T05:41:42.399Z
4884,Carmine's Fine Woodworking,http://www.carminesfinewoodworking.com,carminesfinewoodworking.com,furniture,"Seattle, WA",,"[""yellowpages""]",,,2025-10-08T05:41:42.399Z,2025-10-08T05:41:42.399Z
4885,HANOCH PAINTING,http://hanochpainting.com,hanochpainting.com,furniture,"Seattle, WA",,"[""yellowpages""]",,,2025-10-08T05:41:42.399Z,2025-10-08T05:41:42.399Z
4886,Seattle Mattress Co,http://www.seattlemattress.net,seattlemattress.net,furniture,"Seattle, WA",,"[""yellowpages""]",,,2025-10-08T05:41:42.399Z,2025-10-08T05:41:42.399Z
4887,Rich's Custom Upholstery,http://www.richscustomupholstery.com,richscustomupholstery.com,furniture,"Seattle, WA",,"[""yellowpages""]",,,2025-10-08T05:41:42.399Z,2025-10-08T05:41:42.399Z
4888,Ballard Bookcase Co,http://ballardbookcase.com,ballardbookcase.com,furniture,"Seattle, WA",,"[""yellowpages""]",,,2025-10-08T05:41:42.399Z,2025-10-08T05:41:42.399Z
4889,Joslin Upholstery & Interiors,http://www.joslinupholstery.com,joslinupholstery.com,furniture,"Seattle, WA",,"[""yellowpages""]",,,2025-10-08T05:41:42.399Z,2025-10-08T05:41:42.399Z
4890,Mattress Depot Inc,http://www.mattressdepotusa.com,mattressdepotusa.com,furniture,"Seattle, WA",,"[""yellowpages""]",,,2025-10-08T05:41:42.400Z,2025-10-08T05:41:42.400Z
4891,S & S Upholstery & Interiors,http://www.sandscustom.com,sandscustom.com,furniture,"Seattle, WA",,"[""yellowpages""]",,,2025-10-08T05:41:42.400Z,2025-10-08T05:41:42.400Z
4892,Oak Leaf,https://go.thryv.com/site/oakleaffloor,go.thryv.com,furniture,"Seattle, WA",,"[""yellowpages""]",,,2025-10-08T05:41:42.400Z,2025-10-08T05:41:42.400Z
4893,Dogpaw Design,http://www.dogpaw.com,dogpaw.com,furniture,"Seattle, WA",,"[""yellowpages""]",,,2025-10-08T05:41:42.400Z,2025-10-08T05:41:42.400Z
4894,Vinworxs,http://www.vinworxs.com,vinworxs.com,furniture,"Seattle, WA",,"[""yellowpages""]",,,2025-10-08T05:41:42.400Z,2025-10-08T05:41:42.400Z
4895,Rockin' Repair,http://www.rockinrepair.com,rockinrepair.com,furniture,"Seattle, WA",,"[""yellowpages""]",,,2025-10-08T05:41:42.400Z,2025-10-08T05:41:42.400Z
4896,Chem-Dry of Seattle,https://www.chemdryofseattle.com,chemdryofseattle.com,furniture,"Seattle, WA",,"[""yellowpages""]",,,2025-10-08T05:41:42.401Z,2025-10-08T05:41:42.401Z
4897,Patina Collections,http://patinacollections.com,patinacollections.com,furniture,"Seattle, WA",,"[""yellowpages""]",,,2025-10-08T05:41:42.401Z,2025-10-08T05:41:42.401Z
4898,Masins Furniture & Interior Design,http://masins.com,masins.com,furniture,"Seattle, WA",,"[""yellowpages""]",,,2025-10-08T05:41:42.401Z,2025-10-08T05:41:42.401Z
4899,Schoener,https://www.schoenerinteriors.com/contact,schoenerinteriors.com,furniture,"Seattle, WA",,"[""yellowpages""]",,,2025-10-08T05:41:42.401Z,2025-10-08T05:41:42.401Z
4900,The Sleep Store,http://www.thesleepstoreusa.com,thesleepstoreusa.com,furniture,"Seattle, WA",,"[""yellowpages""]",,,2025-10-08T05:41:42.401Z,2025-10-08T05:41:42.401Z
4901,It's 'Bout Time Upholstery,http://www.itsbouttimeupholstery.com,itsbouttimeupholstery.com,furniture,"Seattle, WA",,"[""yellowpages""]",,,2025-10-08T05:41:42.401Z,2025-10-08T05:41:42.401Z
4902,Z Gallerie,http://www.zgallerie.com,zgallerie.com,furniture,"Seattle, WA",,"[""yellowpages""]",,,2025-10-08T05:41:42.401Z,2025-10-08T05:41:42.401Z
4903,Seldens Designer Home Furnishings,https://seldens.com/pages/bellevue,seldens.com,furniture,"Seattle, WA",,"[""yellowpages""]",,,2025-10-08T05:41:42.401Z,2025-10-08T05:41:42.401Z
4904,Tree,https://tree.co,tree.co,furniture,"Seattle, WA",,"[""yellowpages""]",,,2025-10-08T05:41:42.401Z,2025-10-08T05:41:42.401Z
4905,Furnish Bainbridge,http://furnishbainbridge.com,furnishbainbridge.com,furniture,"Seattle, WA",,"[""yellowpages""]",,,2025-10-08T05:41:42.401Z,2025-10-08T05:41:42.401Z
4906,Del Teet Furniture Inc,http://www.delteet.com,delteet.com,furniture,"Seattle, WA",,"[""yellowpages""]",,,2025-10-08T05:41:42.401Z,2025-10-08T05:41:42.401Z
4907,Cost Plus World Market,http://www.worldmarket.com/store-locator/bellevue.do,worldmarket.com,furniture,"Seattle, WA",,"[""yellowpages""]",,,2025-10-08T05:41:42.401Z,2025-10-08T05:41:42.401Z
4908,Schoenfeld Interiors,https://www.schoenfeldinteriors.com,schoenfeldinteriors.com,furniture,"Seattle, WA",,"[""yellowpages""]",,,2025-10-08T05:41:42.402Z,2025-10-08T05:41:42.402Z
4909,the STANDARD - HOME FURNISHINGS & INTERIORS,http://thestandardinbellevue.com,thestandardinbellevue.com,furniture,"Seattle, WA",,"[""yellowpages""]",,,2025-10-08T05:41:42.402Z,2025-10-08T05:41:42.402Z
4910,Ethan Allen,http://www.ethanallen.com/bellevue,ethanallen.com,furniture,"Seattle, WA",,"[""yellowpages""]",,,2025-10-08T05:41:42.402Z,2025-10-08T05:41:42.402Z
4911,Tempur-Pedic Flagship Store,https://www.tempurpedic.com/tempur-pedic-stores/tempur-pedic-bellevue/?utm_source=ExtNet&utm_medium=Yext&y_source=1_MjUwMjYyNTItNTUzLWxvY2F0aW9uLndlYnNpdGU%3D,tempurpedic.com,furniture,"Seattle, WA",,"[""yellowpages""]",,,2025-10-08T05:41:42.402Z,2025-10-08T05:41:42.402Z
4912,Relax The Back,https://www.relaxtheback.com/pages/bellevue,relaxtheback.com,furniture,"Seattle, WA",,"[""yellowpages""]",,,2025-10-08T05:41:42.402Z,2025-10-08T05:41:42.402Z
4913,Sleep Number Store,https://www.sleepnumber.com/stores/wa/bellevue/1006-bellevue-square,sleepnumber.com,furniture,"Seattle, WA",,"[""yellowpages""]",,,2025-10-08T05:41:42.402Z,2025-10-08T05:41:42.402Z
4914,Urban Interiors,https://www.urbaninteriors.com,urbaninteriors.com,furniture,"Seattle, WA",,"[""yellowpages""]",,,2025-10-08T05:41:42.402Z,2025-10-08T05:41:42.402Z
4915,Yardbird Outdoor Furniture,https://yardbird.com/?utm_source=extnet&utm_medium=Yext,yardbird.com,furniture,"Seattle, WA",,"[""yellowpages""]",,,2025-10-08T05:41:42.402Z,2025-10-08T05:41:42.402Z
4916,Naturepedic Organic Mattress Store Bellevue,https://www.naturepedic.com/bellevue,naturepedic.com,furniture,"Seattle, WA",,"[""yellowpages""]",,,2025-10-08T05:41:42.402Z,2025-10-08T05:41:42.402Z
4917,Summer House Patio,http://www.summerhousepatio.com,summerhousepatio.com,furniture,"Seattle, WA",,"[""yellowpages""]",,,2025-10-08T05:41:42.402Z,2025-10-08T05:41:42.402Z
4918,Kirkland's,https://www.kirklandrooter.com,kirklandrooter.com,furniture,"Seattle, WA",,"[""yellowpages""]",,,2025-10-08T05:41:42.402Z,2025-10-08T05:41:42.402Z
4919,Tuesday Morning,http://tuesdaymorning.com,tuesdaymorning.com,furniture,"Seattle, WA",,"[""yellowpages""]",,,2025-10-08T05:41:42.402Z,2025-10-08T05:41:42.402Z
6949,C & S Construction,http://www.candsconstructionllc.com/,candsconstructionllc.com,siding,"Seattle, WA",,"[""yellowpages""]",,,2025-10-08T06:05:08.744Z,2025-10-08T06:05:08.744Z
6950,Next Level Exteriors,http://www.sidingcontractorsseattle.com,sidingcontractorsseattle.com,siding,"Seattle, WA",,"[""yellowpages""]",,,2025-10-08T06:05:08.748Z,2025-10-08T06:05:08.748Z
6951,KV construction LLC - Seattle Siding,https://kvconstruction.net,kvconstruction.net,siding,"Seattle, WA",,"[""yellowpages""]",,,2025-10-08T06:05:08.748Z,2025-10-08T06:05:08.748Z
6952,Ideal Siding Seattle,https://idealsiding.com,idealsiding.com,siding,"Seattle, WA",,"[""yellowpages""]",,,2025-10-08T06:05:08.748Z,2025-10-08T06:05:08.748Z
6953,Marking Exteriors LLC,https://sidingcontractorshoreline.com,sidingcontractorshoreline.com,siding,"Seattle, WA",,"[""yellowpages""]",,,2025-10-08T06:05:08.749Z,2025-10-08T06:05:08.749Z
6954,C24 Exteriors LLC,https://sidingcontractorseattlewa.com,sidingcontractorseattlewa.com,siding,"Seattle, WA",,"[""yellowpages""]",,,2025-10-08T06:05:08.749Z,2025-10-08T06:05:08.749Z
6955,State Roofing & Exteriors,https://stateroofing.com/about-us/service-areas/home-improvement-contractor-seattle,stateroofing.com,siding,"Seattle, WA",,"[""yellowpages""]",,,2025-10-08T06:05:08.749Z,2025-10-08T06:05:08.749Z
6956,Construction Systems & Management Inc,http://www.lawlessconstruction.com,lawlessconstruction.com,siding,"Seattle, WA",,"[""yellowpages""]",,,2025-10-08T06:05:08.749Z,2025-10-08T06:05:08.749Z
6957,Energy Exteriors NW,https://energyexteriorsnw.com/locations/seattle-wa,energyexteriorsnw.com,siding,"Seattle, WA",,"[""yellowpages""]",,,2025-10-08T06:05:08.752Z,2025-10-08T06:05:08.752Z
6958,Synapse Construction,http://www.synapseconstruction.com,synapseconstruction.com,siding,"Seattle, WA",,"[""yellowpages""]",,,2025-10-08T06:05:08.754Z,2025-10-08T06:05:08.754Z
6959,Seattle Trim Repair,https://www.seattletrimrepair.com,seattletrimrepair.com,siding,"Seattle, WA",,"[""yellowpages""]",,,2025-10-08T06:05:08.754Z,2025-10-08T06:05:08.754Z
6960,Maritime Roofing and Construction,https://www.maritime-roofing.com,maritime-roofing.com,siding,"Seattle, WA",,"[""yellowpages""]",,,2025-10-08T06:05:08.755Z,2025-10-08T06:05:08.755Z
6961,Johnson Brothers Construction,https://www.remodelingspecialists.com,remodelingspecialists.com,siding,"Seattle, WA",,"[""yellowpages""]",,,2025-10-08T06:05:08.755Z,2025-10-08T06:05:08.755Z
6962,West Coast Insulation Inc,http://westcoastinsulation.com,westcoastinsulation.com,siding,"Seattle, WA",,"[""yellowpages""]",,,2025-10-08T06:05:08.755Z,2025-10-08T06:05:08.755Z
6963,Jack's Wholesale Windows & Siding,http://www.jackswholesalewindows.com,jackswholesalewindows.com,siding,"Seattle, WA",,"[""yellowpages""]",,,2025-10-08T06:05:08.755Z,2025-10-08T06:05:08.755Z
6964,Ballard Insulation,http://ballardinsulation.com,ballardinsulation.com,siding,"Seattle, WA",,"[""yellowpages""]",,,2025-10-08T06:05:08.755Z,2025-10-08T06:05:08.755Z
6965,Hudson Bay Insulation Co,http://www.hudsonbayins.com,hudsonbayins.com,siding,"Seattle, WA",,"[""yellowpages""]",,,2025-10-08T06:05:08.756Z,2025-10-08T06:05:08.756Z
6966,General Insulation Company,http://www.generalinsulation.com,generalinsulation.com,siding,"Seattle, WA",,"[""yellowpages""]",,,2025-10-08T06:05:08.756Z,2025-10-08T06:05:08.756Z
6967,Jorve Roofing,http://www.jorve.com,jorve.com,siding,"Seattle, WA",,"[""yellowpages""]",,,2025-10-08T06:05:08.756Z,2025-10-08T06:05:08.756Z
6968,Pacific Exteriors,https://www.pacificexteriorsllc.com/contact-us,pacificexteriorsllc.com,siding,"Seattle, WA",,"[""yellowpages""]",,,2025-10-08T06:05:08.757Z,2025-10-08T06:05:08.757Z
6969,European Roofing & Sheet Metal LLC,http://www.euroofmetal.com,euroofmetal.com,siding,"Seattle, WA",,"[""yellowpages""]",,,2025-10-08T06:05:08.757Z,2025-10-08T06:05:08.757Z
6970,Gross - Rhode Exteriors,http://www.gross-rhode.com,gross-rhode.com,siding,"Seattle, WA",,"[""yellowpages""]",,,2025-10-08T06:05:08.757Z,2025-10-08T06:05:08.757Z
6971,BVD Construction,http://bvdconstructionllc.com,bvdconstructionllc.com,siding,"Seattle, WA",,"[""yellowpages""]",,,2025-10-08T06:05:08.757Z,2025-10-08T06:05:08.757Z
6972,Nulook Distributors Inc,http://www.nulookimprovements.com,nulookimprovements.com,siding,"Seattle, WA",,"[""yellowpages""]",,,2025-10-08T06:05:08.757Z,2025-10-08T06:05:08.757Z
6973,Sound Home Exteriors,http://www.soundhomeexteriors.com,soundhomeexteriors.com,siding,"Seattle, WA",,"[""yellowpages""]",,,2025-10-08T06:05:08.757Z,2025-10-08T06:05:08.757Z
6974,Forever Roofing,https://www.foreverroofing.net,foreverroofing.net,siding,"Seattle, WA",,"[""yellowpages""]",,,2025-10-08T06:05:08.757Z,2025-10-08T06:05:08.757Z
6975,Dom Construction,http://www.domconstruction.com,domconstruction.com,siding,"Seattle, WA",,"[""yellowpages""]",,,2025-10-08T06:05:08.757Z,2025-10-08T06:05:08.759Z
6976,Green Built Northwest,http://www.greenbuiltnw.com,greenbuiltnw.com,siding,"Seattle, WA",,"[""yellowpages""]",,,2025-10-08T06:05:08.758Z,2025-10-08T06:05:08.758Z
6977,Sears Home Improvement Roofing Systems,https://www.searshomeservices.com/improve/roofing-replacement?SID=5304&PID=11&utm_source=iyp&utm_medium=iyp&utm_campaign=Roofing,searshomeservices.com,siding,"Seattle, WA",,"[""yellowpages""]",,,2025-10-08T06:05:08.758Z,2025-10-08T06:05:08.758Z
6978,Irons Brothers Construction Inc,http://www.ironsbc.com,ironsbc.com,siding,"Seattle, WA",,"[""yellowpages""]",,,2025-10-08T06:05:08.758Z,2025-10-08T06:05:08.758Z
6979,Seashore Construction Corp.,http://www.seashoreconstruction.net,seashoreconstruction.net,siding,"Seattle, WA",,"[""yellowpages""]",,,2025-10-08T06:05:08.758Z,2025-10-08T06:05:08.758Z
6980,Advanced Metal Roofing and Siding Company,http://www.advancedmetalroofingandsiding.com,advancedmetalroofingandsiding.com,siding,"Seattle, WA",,"[""yellowpages""]",,,2025-10-08T06:05:08.759Z,2025-10-08T06:05:08.759Z
6981,P J Fitzpatrick Inc,http://www.trustpj.com,trustpj.com,siding,"Seattle, WA",,"[""yellowpages""]",,,2025-10-08T06:05:08.759Z,2025-10-08T06:05:08.759Z
6982,Buckeye Home Services,http://www.buckeyehomeservices.com,buckeyehomeservices.com,siding,"Seattle, WA",,"[""yellowpages""]",,,2025-10-08T06:05:08.759Z,2025-10-08T06:05:08.759Z
6983,Duralum Siding Windows & Sunrooms,http://www.duralumsiding.com,duralumsiding.com,siding,"Seattle, WA",,"[""yellowpages""]",,,2025-10-08T06:05:08.759Z,2025-10-08T06:05:08.759Z
6984,Builders Service Company,http://www.buildersservicecompany.com,buildersservicecompany.com,siding,"Seattle, WA",,"[""yellowpages""]",,,2025-10-08T06:05:08.759Z,2025-10-08T06:05:08.759Z
6985,Rain City Exteriors,http://raincityexteriors.com,raincityexteriors.com,siding,"Seattle, WA",,"[""yellowpages""]",,,2025-10-08T06:05:08.759Z,2025-10-08T06:05:08.759Z
6986,Rot Doctor,https://www.rotdoctor.co,rotdoctor.co,siding,"Seattle, WA",,"[""yellowpages""]",,,2025-10-08T06:05:08.759Z,2025-10-08T06:05:08.759Z
6987,Fagu  Construction,http://fagucleaning.com,fagucleaning.com,siding,"Seattle, WA",,"[""yellowpages""]",,,2025-10-08T06:05:08.760Z,2025-10-08T06:05:08.760Z
6988,Plushpros,https://www.plushprossiding.com,plushprossiding.com,siding,"Seattle, WA",,"[""yellowpages""]",,,2025-10-08T06:05:08.760Z,2025-10-08T06:05:08.760Z
6989,Modern Exterior Solutions,https://www.modernexteriorsolutions.com,modernexteriorsolutions.com,siding,"Seattle, WA",,"[""yellowpages""]",,,2025-10-08T06:05:08.760Z,2025-10-08T06:05:08.760Z
9141,"Windows, Doors & More, Inc.",http://www.windowshowroom.com,windowshowroom.com,windows,"Seattle, WA",,"[""yellowpages""]",,,2025-10-08T06:20:35.123Z,2025-10-08T06:20:35.123Z
9142,Cherry Creek Windows & Doors,http://www.cherrycreekwindows.com,cherrycreekwindows.com,windows,"Seattle, WA",,"[""yellowpages""]",,,2025-10-08T06:20:35.148Z,2025-10-08T06:20:35.148Z
9143,InstaGlass LLC,http://instaglass.us,instaglass.us,windows,"Seattle, WA",,"[""yellowpages""]",,,2025-10-08T06:20:35.148Z,2025-10-08T06:20:35.148Z
9144,Smart Auto Glass,http://smartglassinc.com,smartglassinc.com,windows,"Seattle, WA",,"[""yellowpages""]",,,2025-10-08T06:20:35.149Z,2025-10-08T06:20:35.149Z
9145,White Center Glass & Upholstery,http://www.whitecenterglass.com,whitecenterglass.com,windows,"Seattle, WA",,"[""yellowpages""]",,,2025-10-08T06:20:35.149Z,2025-10-08T06:20:35.149Z
9146,Stoneside Blinds & Shades Kirkland,https://www.stoneside.com/office/kirkland-washington?utm_source=ExtNet&utm_medium=Yext,stoneside.com,windows,"Seattle, WA",,"[""yellowpages""]",,,2025-10-08T06:20:35.150Z,2025-10-08T06:20:35.163Z
9147,Levite Construction CO,https://seattleconstructionco.com/?y_source=1_NzE5MzQ1NTQtNTUzLWxvY2F0aW9uLndlYnNpdGU%3D,seattleconstructionco.com,windows,"Seattle, WA",,"[""yellowpages""]",,,2025-10-08T06:20:35.150Z,2025-10-08T06:20:35.150Z
9148,Diamond Window Tinting,http://www.diamondautowindowtinting.com,diamondautowindowtinting.com,windows,"Seattle, WA",,"[""yellowpages""]",,,2025-10-08T06:20:35.150Z,2025-10-08T06:20:35.150Z
9149,Local Glass Repairs,https://localglassrepairs.com?y_source=1_mtaymtcwnjczmc01ntmtbg9jyxrpb24ud2vic2l0zq%3d%3d,localglassrepairs.com,windows,"Seattle, WA",,"[""yellowpages""]",,,2025-10-08T06:20:35.150Z,2025-10-08T06:20:35.150Z
9150,Einar Johanson Insulation & Glass,http://www.ejseattle.com,ejseattle.com,windows,"Seattle, WA",,"[""yellowpages""]",,,2025-10-08T06:20:35.150Z,2025-10-08T06:20:35.150Z
9151,Glacier Window Door - Seattle,http://www.glacierwindow.com,glacierwindow.com,windows,"Seattle, WA",,"[""yellowpages""]",,,2025-10-08T06:20:35.150Z,2025-10-08T06:20:35.150Z
9152,Apex Energy Solutions - Window Replacement & Entry Doors - Seattle,http://www.apexenergygroup.com,apexenergygroup.com,windows,"Seattle, WA",,"[""yellowpages""]",,,2025-10-08T06:20:35.151Z,2025-10-08T06:20:35.151Z
9153,Wessco Blinds,http://www.wesscoblinds.com,wesscoblinds.com,windows,"Seattle, WA",,"[""yellowpages""]",,,2025-10-08T06:20:35.151Z,2025-10-08T06:20:35.151Z
9154,Handyman Rescue Team,https://handymanrescue.team,handymanrescue.team,windows,"Seattle, WA",,"[""yellowpages""]",,,2025-10-08T06:20:35.151Z,2025-10-08T06:20:35.151Z
9155,State Roofing & Exteriors,https://stateroofing.com/about-us/service-areas/home-improvement-contractor-seattle,stateroofing.com,windows,"Seattle, WA",,"[""yellowpages""]",,,2025-10-08T06:20:35.151Z,2025-10-08T06:20:35.151Z
9156,"Sound View Window & Door, Inc",https://soundviewwindowanddoor.com,soundviewwindowanddoor.com,windows,"Seattle, WA",,"[""yellowpages""]",,,2025-10-08T06:20:35.151Z,2025-10-08T06:20:35.151Z
9157,Synapse Construction,http://www.synapseconstruction.com,synapseconstruction.com,windows,"Seattle, WA",,"[""yellowpages""]",,,2025-10-08T06:20:35.151Z,2025-10-08T06:20:35.151Z
9158,Owen Henry Windows & Doors,https://owenhenrywindows.com,owenhenrywindows.com,windows,"Seattle, WA",,"[""yellowpages""]",,,2025-10-08T06:20:35.151Z,2025-10-08T06:20:35.151Z
9159,Emerald City Energy Windows & Doors,https://emeraldcityenergy.com,emeraldcityenergy.com,windows,"Seattle, WA",,"[""yellowpages""]",,,2025-10-08T06:20:35.151Z,2025-10-08T06:20:35.151Z
9160,Sears Home Improvement Roofing Systems,https://www.searshomeservices.com/improve/roofing-replacement?SID=5304&PID=11&utm_source=iyp&utm_medium=iyp&utm_campaign=Roofing,searshomeservices.com,windows,"Seattle, WA",,"[""yellowpages""]",,,2025-10-08T06:20:35.151Z,2025-10-08T06:20:35.151Z
9161,Roxy Glass,http://seattleglassco.com/aboutus.html,seattleglassco.com,windows,"Seattle, WA",,"[""yellowpages""]",,,2025-10-08T06:20:35.152Z,2025-10-08T06:20:35.152Z
9162,Bartlett Blinds,http://bartlettblinds.com,bartlettblinds.com,windows,"Seattle, WA",,"[""yellowpages""]",,,2025-10-08T06:20:35.152Z,2025-10-08T06:20:35.152Z
9163,Keystone Windows & Doors Inc,http://keystonewindows.com,keystonewindows.com,windows,"Seattle, WA",,"[""yellowpages""]",,,2025-10-08T06:20:35.153Z,2025-10-08T06:20:35.153Z
9164,Lundgren Enterprises,https://lundgrenenterprises.com,lundgrenenterprises.com,windows,"Seattle, WA",,"[""yellowpages""]",,,2025-10-08T06:20:35.153Z,2025-10-08T06:20:35.153Z
9165,Kolbe Gallery Seattle,http://www.kolbegallery.com,kolbegallery.com,windows,"Seattle, WA",,"[""yellowpages""]",,,2025-10-08T06:20:35.154Z,2025-10-08T06:20:35.154Z
9166,Deamor Engineered Skylights,http://deamor.com,deamor.com,windows,"Seattle, WA",,"[""yellowpages""]",,,2025-10-08T06:20:35.155Z,2025-10-08T06:20:35.155Z
9167,Renewal By Anderson,http://renewalbyandersen.com,renewalbyandersen.com,windows,"Seattle, WA",,"[""yellowpages""]",,,2025-10-08T06:20:35.155Z,2025-10-08T06:20:35.155Z
9168,Green Built Northwest,http://www.greenbuiltnw.com,greenbuiltnw.com,windows,"Seattle, WA",,"[""yellowpages""]",,,2025-10-08T06:20:35.158Z,2025-10-08T06:20:35.158Z
9169,Thermo-Tech Vinyl Windows & Doors,http://www.thermo-techwindows.com,thermo-techwindows.com,windows,"Seattle, WA",,"[""yellowpages""]",,,2025-10-08T06:20:35.158Z,2025-10-08T06:20:35.158Z
9170,Duralum Siding Windows & Sunrooms,http://www.duralumsiding.com,duralumsiding.com,windows,"Seattle, WA",,"[""yellowpages""]",,,2025-10-08T06:20:35.159Z,2025-10-08T06:20:35.159Z
9171,Seattle Overhead Garage Door Company,https://www.findapros.com/garagedoorrepair,findapros.com,windows,"Seattle, WA",,"[""yellowpages""]",,,2025-10-08T06:20:35.159Z,2025-10-08T06:20:35.159Z
9172,Tom McIntosh Glass and Glazing,http://www.tommcintoshglassandglazing.com,tommcintoshglassandglazing.com,windows,"Seattle, WA",,"[""yellowpages""]",,,2025-10-08T06:20:35.159Z,2025-10-08T06:20:35.159Z
9173,A-One Glass,http://www.seattleglasswindow.com,seattleglasswindow.com,windows,"Seattle, WA",,"[""yellowpages""]",,,2025-10-08T06:20:35.159Z,2025-10-08T06:20:35.159Z
9174,Windorco,http://www.windorco.com,windorco.com,windows,"Seattle, WA",,"[""yellowpages""]",,,2025-10-08T06:20:35.159Z,2025-10-08T06:20:35.159Z
9175,Al's Glass Inc,http://plygem.com,plygem.com,windows,"Seattle, WA",,"[""yellowpages""]",,,2025-10-08T06:20:35.159Z,2025-10-08T06:20:35.159Z
9176,Skyline Windows,http://www.skylinewindowsinc.com,skylinewindowsinc.com,windows,"Seattle, WA",,"[""yellowpages""]",,,2025-10-08T06:20:35.160Z,2025-10-08T06:20:35.160Z
9177,Apex Window Decor,http://apexshades.com,apexshades.com,windows,"Seattle, WA",,"[""yellowpages""]",,,2025-10-08T06:20:35.160Z,2025-10-08T06:20:35.160Z
9178,Hendrix Window Cleaning,http://www.hendrixwindowcleaning.com,hendrixwindowcleaning.com,windows,"Seattle, WA",,"[""yellowpages""]",,,2025-10-08T06:20:35.160Z,2025-10-08T06:20:35.160Z
9179,Mings Glass,https://www.mingsglass.com,mingsglass.com,windows,"Seattle, WA",,"[""yellowpages""]",,,2025-10-08T06:20:35.160Z,2025-10-08T06:20:35.160Z
9180,Jorve Roofing,http://www.jorve.com,jorve.com,windows,"Seattle, WA",,"[""yellowpages""]",,,2025-10-08T06:20:35.160Z,2025-10-08T06:20:35.160Z
9181,Speedy Glass - Seattle,http://www.speedyglass.com,speedyglass.com,windows,"Seattle, WA",,"[""yellowpages""]",,,2025-10-08T06:20:35.160Z,2025-10-08T06:20:35.160Z
9182,Windows Are Us,http://windowsareus.com,windowsareus.com,windows,"Seattle, WA",,"[""yellowpages""]",,,2025-10-08T06:20:35.161Z,2025-10-08T06:20:35.161Z
9183,"Best Choice Home Improvement, Inc",https://www.bestchoicewindows.com,bestchoicewindows.com,windows,"Seattle, WA",,"[""yellowpages""]",,,2025-10-08T06:20:35.161Z,2025-10-08T06:20:35.161Z
9184,ABS Cabinets & Counters | Quality & Affordable Kitchen Remodel,https://www.absbuildingsupply.com,absbuildingsupply.com,windows,"Seattle, WA",,"[""yellowpages""]",,,2025-10-08T06:20:35.161Z,2025-10-08T06:20:35.161Z
9185,Eagle Harbor Window Coverings,http://www.eagleharborwindowcoverings.com,eagleharborwindowcoverings.com,windows,"Seattle, WA",,"[""yellowpages""]",,,2025-10-08T06:20:35.162Z,2025-10-08T06:20:35.162Z
9186,Glass Master,http://www.glassmasterllc.com,glassmasterllc.com,windows,"Seattle, WA",,"[""yellowpages""]",,,2025-10-08T06:20:35.162Z,2025-10-08T06:20:35.162Z
9187,Infiniti Window Blinds,http://infinitiwindowcoverings.com,infinitiwindowcoverings.com,windows,"Seattle, WA",,"[""yellowpages""]",,,2025-10-08T06:20:35.162Z,2025-10-08T06:20:35.162Z
9188,Modern Exterior Solutions,https://www.modernexteriorsolutions.com,modernexteriorsolutions.com,windows,"Seattle, WA",,"[""yellowpages""]",,,2025-10-08T06:20:35.163Z,2025-10-08T06:20:35.163Z
9189,Kirkland Glass & Mirror,http://kirklandglassandmirror.com,kirklandglassandmirror.com,windows,"Seattle, WA",,"[""yellowpages""]",,,2025-10-08T06:20:35.163Z,2025-10-08T06:20:35.163Z
9190,Plushpros,https://www.plushprossiding.com,plushprossiding.com,windows,"Seattle, WA",,"[""yellowpages""]",,,2025-10-08T06:20:35.164Z,2025-10-08T06:20:35.164Z
9191,Renewal By Anderson,https://wedgwoodwindowsdoors.com/locations/western-washington,wedgwoodwindowsdoors.com,windows,"Seattle, WA",,"[""yellowpages""]",,,2025-10-08T06:20:35.165Z,2025-10-08T06:20:35.165Z
9192,Aria Glass,https://www.ariaglass.us,ariaglass.us,windows,"Seattle, WA",,"[""yellowpages""]",,,2025-10-08T06:20:35.165Z,2025-10-08T06:20:35.165Z
9193,Novus Glass,http://novusglass.com,novusglass.com,windows,"Seattle, WA",,"[""yellowpages""]",,,2025-10-08T06:20:35.167Z,2025-10-08T06:20:35.167Z
9194,Northwest Window Covering,http://www.northwestwindowcoverings.com,northwestwindowcoverings.com,windows,"Seattle, WA",,"[""yellowpages""]",,,2025-10-08T06:20:35.167Z,2025-10-08T06:20:35.167Z
9195,Texas Newpane.com,http://www.newpane.com,newpane.com,windows,"Seattle, WA",,"[""yellowpages""]",,,2025-10-08T06:20:35.167Z,2025-10-08T06:20:35.167Z
9196,Transparentz Windows,https://transparentz.com,transparentz.com,windows,"Seattle, WA",,"[""yellowpages""]",,,2025-10-08T06:20:35.167Z,2025-10-08T06:20:35.167Z
9197,Pacific Glass Inc,https://www.pacificglass.biz/about,pacificglass.biz,windows,"Seattle, WA",,"[""yellowpages""]",,,2025-10-08T06:20:35.168Z,2025-10-08T06:20:35.168Z
9198,A A Window & Gutter Cleaning,http://aawindowgutter.com,aawindowgutter.com,windows,"Seattle, WA",,"[""yellowpages""]",,,2025-10-08T06:20:35.168Z,2025-10-08T06:20:35.168Z
9199,Westeck Windows & Doors,https://www.westeckwindows.com/seattle,westeckwindows.com,windows,"Seattle, WA",,"[""yellowpages""]",,,2025-10-08T06:20:35.169Z,2025-10-08T06:20:35.169Z
9200,PNW Window & Gutter Cleaning,https://ladderheroes.com,ladderheroes.com,windows,"Seattle, WA",,"[""yellowpages""]",,,2025-10-08T06:20:35.169Z,2025-10-08T06:20:35.169Z
9201,Classic Window Products,http://www.classicwindowproducts.com,classicwindowproducts.com,windows,"Seattle, WA",,"[""yellowpages""]",,,2025-10-08T06:20:35.171Z,2025-10-08T06:20:35.171Z
9202,Skylights West,http://www.skylightswest.com,skylightswest.com,windows,"Seattle, WA",,"[""yellowpages""]",,,2025-10-08T06:20:35.172Z,2025-10-08T06:20:35.172Z
9203,Newport Custom Shutters,http://www.newportcustomshutters.com,newportcustomshutters.com,windows,"Seattle, WA",,"[""yellowpages""]",,,2025-10-08T06:20:35.173Z,2025-10-08T06:20:35.173Z