id,name,website,normalized_domain,industry,location,size_category,source_list,method,fallback_used,first_seen,last_seen
5145,Urban Essentials,http://www.urban-essentials.com,urban-essentials.com,furniture,"Washington, DC",,"[""yellowpages""]",,,2025-10-08T05:42:32.721Z,2025-10-08T05:42:32.721Z
5146,Room & Board,https://www.roomandboard.com/stores/washington-dc?Camp=loc_washington,roomandboard.com,furniture,"Washington, DC",,"[""yellowpages""]",,,2025-10-08T05:42:32.721Z,2025-10-08T05:42:32.721Z
5147,Crate and Barrel,http://www.crateandbarrel.com/Stores/the-market-common/str609,crateandbarrel.com,furniture,"Washington, DC",,"[""yellowpages""]",,,2025-10-08T05:42:32.722Z,2025-10-08T05:42:32.749Z
5148,West Elm,http://westelm.com,westelm.com,furniture,"Washington, DC",,"[""yellowpages""]",,,2025-10-08T05:42:32.722Z,2025-10-08T05:42:32.722Z
5149,Furniture From Scandinavia,http://www.furniturefromscandinavia.com,furniturefromscandinavia.com,furniture,"Washington, DC",,"[""yellowpages""]",,,2025-10-08T05:42:32.722Z,2025-10-08T05:42:32.722Z
5150,Theodore's Contemporary Furniture,http://www.theodores.com,theodores.com,furniture,"Washington, DC",,"[""yellowpages""]",,,2025-10-08T05:42:32.722Z,2025-10-08T05:42:32.723Z
5151,Resource Furniture,https://resourcefurniture.com/showrooms/washington-dc,resourcefurniture.com,furniture,"Washington, DC",,"[""yellowpages""]",,,2025-10-08T05:42:32.723Z,2025-10-08T05:42:32.723Z
5152,Lovesac,http://www.lovesac.com,lovesac.com,furniture,"Washington, DC",,"[""yellowpages""]",,,2025-10-08T05:42:32.723Z,2025-10-08T05:42:32.723Z
5153,Roche Bobois,https://www.roche-bobois.com/en-US/showrooms/washington,roche-bobois.com,furniture,"Washington, DC",,"[""yellowpages""]",,,2025-10-08T05:42:32.723Z,2025-10-08T05:42:32.723Z
5154,Ais,http://ais-inc.com,ais-inc.com,furniture,"Washington, DC",,"[""yellowpages""]",,,2025-10-08T05:42:32.723Z,2025-10-08T05:42:32.723Z
5155,Century Furniture,http://centuryfurniture.com,centuryfurniture.com,furniture,"Washington, DC",,"[""yellowpages""]",,,2025-10-08T05:42:32.723Z,2025-10-08T05:42:32.723Z
5156,Baker Georgetown,https://www.bakerfurniture.com/find-a-location,bakerfurniture.com,furniture,"Washington, DC",,"[""yellowpages""]",,,2025-10-08T05:42:32.723Z,2025-10-08T05:42:32.725Z
5157,European Furniture,https://www.weschlers.com/asp/searchresults.asp,weschlers.com,furniture,"Washington, DC",,"[""yellowpages""]",,,2025-10-08T05:42:32.723Z,2025-10-08T05:42:32.723Z
5158,Parachute Home,https://www.parachutehome.com,parachutehome.com,furniture,"Washington, DC",,"[""yellowpages""]",,,2025-10-08T05:42:32.723Z,2025-10-08T05:42:32.723Z
5159,Poliform Washington,http://www.poliformdc.com,poliformdc.com,furniture,"Washington, DC",,"[""yellowpages""]",,,2025-10-08T05:42:32.723Z,2025-10-08T05:42:32.724Z
5160,Pam Bothwell,http://pambothwell.com,pambothwell.com,furniture,"Washington, DC",,"[""yellowpages""]",,,2025-10-08T05:42:32.723Z,2025-10-08T05:42:32.723Z
5161,Des DC,http://www.des-dc.com/contact,des-dc.com,furniture,"Washington, DC",,"[""yellowpages""]",,,2025-10-08T05:42:32.724Z,2025-10-08T05:42:32.724Z
5162,Kogan & Company,https://kogancompany.com,kogancompany.com,furniture,"Washington, DC",,"[""yellowpages""]",,,2025-10-08T05:42:32.724Z,2025-10-08T05:42:32.724Z
5163,L'enfant Gallery,http://www.lenfantgallery.1stdibs.com,lenfantgallery.1stdibs.com,furniture,"Washington, DC",,"[""yellowpages""]",,,2025-10-08T05:42:32.724Z,2025-10-08T05:42:32.724Z
5164,Boffi Georgetown,http://boffigeorgetown.com,boffigeorgetown.com,furniture,"Washington, DC",,"[""yellowpages""]",,,2025-10-08T05:42:32.724Z,2025-10-08T05:42:32.746Z
5165,Hollis & Knight,http://hklaw.com,hklaw.com,furniture,"Washington, DC",,"[""yellowpages""]",,,2025-10-08T05:42:32.724Z,2025-10-08T05:42:32.724Z
5166,Cantoni,https://www.cantoni.com/stores/washington-dc,cantoni.com,furniture,"Washington, DC",,"[""yellowpages""]",,,2025-10-08T05:42:32.724Z,2025-10-08T05:42:32.724Z
5167,Ligne Roset,https://www.ligneroset-dc.com/contact,ligneroset-dc.com,furniture,"Washington, DC",,"[""yellowpages""]",,,2025-10-08T05:42:32.724Z,2025-10-08T05:42:32.724Z
5168,Furniture Row,https://www.furniturerow.com/sale?utm_source=FurnitureRowYP&utm_medium=cpc&utm_campaign=FR,furniturerow.com,furniture,"Washington, DC",,"[""yellowpages""]",,,2025-10-08T05:42:32.724Z,2025-10-08T05:42:32.724Z
5169,Foundry,https://foundrybyfreeman.com,foundrybyfreeman.com,furniture,"Washington, DC",,"[""yellowpages""]",,,2025-10-08T05:42:32.724Z,2025-10-08T05:42:32.724Z
5170,Sahara Restoration Inc,http://sahararestorations.com,sahararestorations.com,furniture,"Washington, DC",,"[""yellowpages""]",,,2025-10-08T05:42:32.724Z,2025-10-08T05:42:32.724Z
5171,CB2,https://www.cb2.com/stores/georgetown/str59,cb2.com,furniture,"Washington, DC",,"[""yellowpages""]",,,2025-10-08T05:42:32.724Z,2025-10-08T05:42:32.724Z
5172,Contempororia,http://contemporaria.com,contemporaria.com,furniture,"Washington, DC",,"[""yellowpages""]",,,2025-10-08T05:42:32.724Z,2025-10-08T05:42:32.724Z
5173,Fahrenheit,http://fahrenheitdc.com,fahrenheitdc.com,furniture,"Washington, DC",,"[""yellowpages""]",,,2025-10-08T05:42:32.724Z,2025-10-08T05:42:32.724Z
5174,Standard Business Furniture,https://mdmstandardofficesolutions.com/about,mdmstandardofficesolutions.com,furniture,"Washington, DC",,"[""yellowpages""]",,,2025-10-08T05:42:32.724Z,2025-10-08T05:42:32.724Z
5175,Archer Modern,https://www.erikbuck.com,erikbuck.com,furniture,"Washington, DC",,"[""yellowpages""]",,,2025-10-08T05:42:32.724Z,2025-10-08T05:42:32.724Z
5176,Jennifer Convertibles,http://jenniferfurniture.com,jenniferfurniture.com,furniture,"Washington, DC",,"[""yellowpages""]",,,2025-10-08T05:42:32.724Z,2025-10-08T05:42:32.724Z
5177,Design Within Reach,http://dwr.com/store?storeid=13&lang=en_us,dwr.com,furniture,"Washington, DC",,"[""yellowpages""]",,,2025-10-08T05:42:32.724Z,2025-10-08T05:42:32.724Z
5178,Restoration Hardware,http://www.restorationhardware.com/store-locations/store.jsp?storeid=53,restorationhardware.com,furniture,"Washington, DC",,"[""yellowpages""]",,,2025-10-08T05:42:32.725Z,2025-10-08T05:42:32.725Z
5179,Homeward Inc,http://homewardfurniture.com,homewardfurniture.com,furniture,"Washington, DC",,"[""yellowpages""]",,,2025-10-08T05:42:32.725Z,2025-10-08T05:42:32.725Z
5180,Modern Mobler,http://www.modernmobler.com,modernmobler.com,furniture,"Washington, DC",,"[""yellowpages""]",,,2025-10-08T05:42:32.725Z,2025-10-08T05:42:32.725Z
5181,Home Rule,http://homerule.com,homerule.com,furniture,"Washington, DC",,"[""yellowpages""]",,,2025-10-08T05:42:32.725Z,2025-10-08T05:42:32.725Z
5182,Mitchell Gold and Bob Williams,http://www.mgbwhome.com,mgbwhome.com,furniture,"Washington, DC",,"[""yellowpages""]",,,2025-10-08T05:42:32.725Z,2025-10-08T05:42:32.745Z
5183,Henredon Interior Design Shwrm,http://henredon.com,henredon.com,furniture,"Washington, DC",,"[""yellowpages""]",,,2025-10-08T05:42:32.725Z,2025-10-08T05:42:32.725Z
5184,Furniture Assembly Experts Company,http://www.furnitureassemblyexperts.com,furnitureassemblyexperts.com,furniture,"Washington, DC",,"[""yellowpages""]",,,2025-10-08T05:42:32.736Z,2025-10-08T05:42:32.736Z
5185,Cost Plus World Market,http://www.worldmarket.com/store-locator/chevy+chase.do,worldmarket.com,furniture,"Washington, DC",,"[""yellowpages""]",,,2025-10-08T05:42:32.737Z,2025-10-08T05:42:32.737Z
5186,Mattress Warehouse of Arlington - Wilson Blvd,https://mattresswarehouse.com/store-locator/mattress-warehouse-of-ballston-0165-arlington-va?y_source=1_OTk5MTA2OS01NTMtbG9jYXRpb24ud2Vic2l0ZQ%3D%3D,mattresswarehouse.com,furniture,"Washington, DC",,"[""yellowpages""]",,,2025-10-08T05:42:32.738Z,2025-10-08T05:42:32.749Z
5187,CORT Furniture Rental,https://www.cort.com,cort.com,furniture,"Washington, DC",,"[""yellowpages""]",,,2025-10-08T05:42:32.739Z,2025-10-08T05:42:32.739Z
5188,Haworth Inc,http://www.haworth.com,haworth.com,furniture,"Washington, DC",,"[""yellowpages""]",,,2025-10-08T05:42:32.739Z,2025-10-08T05:42:32.739Z
5189,Saatva,https://www.saatva.com/locations/washingtondc/logancircle?utm_source=local&utm_medium=organic&utm_campaign=yext-main&utm_content=DC-1714-14th,saatva.com,furniture,"Washington, DC",,"[""yellowpages""]",,,2025-10-08T05:42:32.739Z,2025-10-08T05:42:32.739Z
5190,Mattress Firm,https://www.mattressfirm.com/en-us/stores/dc/washington/179025,mattressfirm.com,furniture,"Washington, DC",,"[""yellowpages""]",,,2025-10-08T05:42:32.739Z,2025-10-08T05:42:32.739Z
5191,Sleepy's,http://www.sleepys.com,sleepys.com,furniture,"Washington, DC",,"[""yellowpages""]",,,2025-10-08T05:42:32.740Z,2025-10-08T05:42:32.740Z
5192,Avocado Green Mattress-Natural & Organic Mattresses,https://www.avocadogreenmattress.com/pages/contact-us,avocadogreenmattress.com,furniture,"Washington, DC",,"[""yellowpages""]",,,2025-10-08T05:42:32.740Z,2025-10-08T05:42:32.740Z
5193,Columbia Woodworking Inc,https://www.cwwcorp.com,cwwcorp.com,furniture,"Washington, DC",,"[""yellowpages""]",,,2025-10-08T05:42:32.740Z,2025-10-08T05:42:32.740Z
5194,The Glass Station,http://theglassstationdmv.com,theglassstationdmv.com,furniture,"Washington, DC",,"[""yellowpages""]",,,2025-10-08T05:42:32.740Z,2025-10-08T05:42:32.740Z
5195,Federal Document Retrevals Inc,http://hermanmiller.com,hermanmiller.com,furniture,"Washington, DC",,"[""yellowpages""]",,,2025-10-08T05:42:32.741Z,2025-10-08T05:42:32.741Z
5196,Moi,https://americanoffice.com/contact,americanoffice.com,furniture,"Washington, DC",,"[""yellowpages""]",,,2025-10-08T05:42:32.741Z,2025-10-08T05:42:32.744Z
5197,Hon Company,http://hon.com,hon.com,furniture,"Washington, DC",,"[""yellowpages""]",,,2025-10-08T05:42:32.741Z,2025-10-08T05:42:32.741Z
5198,Andy Sterns Office Furniture Washington,https://andysterns.com,andysterns.com,furniture,"Washington, DC",,"[""yellowpages""]",,,2025-10-08T05:42:32.741Z,2025-10-08T05:42:32.741Z
5199,Value Furniture & Mattress,http://goo.gl/aecuSI,goo.gl,furniture,"Washington, DC",,"[""yellowpages""]",,,2025-10-08T05:42:32.741Z,2025-10-08T05:42:32.741Z
5200,"Capital Carpet, LLC",http://www.capitalcarpetdc.com,capitalcarpetdc.com,furniture,"Washington, DC",,"[""yellowpages""]",,,2025-10-08T05:42:32.741Z,2025-10-08T05:42:32.741Z
5201,Casa Furniture Inc,http://casafurniture.com,casafurniture.com,furniture,"Washington, DC",,"[""yellowpages""]",,,2025-10-08T05:42:32.742Z,2025-10-08T05:42:32.749Z
5202,Poltrona Frau,http://poltronafrau.com,poltronafrau.com,furniture,"Washington, DC",,"[""yellowpages""]",,,2025-10-08T05:42:32.742Z,2025-10-08T05:42:32.742Z
5203,At Home,http://athome.com,athome.com,furniture,"Washington, DC",,"[""yellowpages""]",,,2025-10-08T05:42:32.742Z,2025-10-08T05:42:32.742Z
5204,Allsteel,https://www.rcap.org/contact,rcap.org,furniture,"Washington, DC",,"[""yellowpages""]",,,2025-10-08T05:42:32.742Z,2025-10-08T05:42:32.742Z
5205,Goodwill Stores,http://www.goodwill.org,goodwill.org,furniture,"Washington, DC",,"[""yellowpages""]",,,2025-10-08T05:42:32.742Z,2025-10-08T05:42:32.742Z
5206,Moi,http://www.moii.com,moii.com,furniture,"Washington, DC",,"[""yellowpages""]",,,2025-10-08T05:42:32.743Z,2025-10-08T05:42:32.746Z
5207,Office Depot,http://www.officedepot.com,officedepot.com,furniture,"Washington, DC",,"[""yellowpages""]",,,2025-10-08T05:42:32.743Z,2025-10-08T05:42:32.743Z
5208,Fusionz - Office Interior Design & Art,http://www.fusionzinc.com,fusionzinc.com,furniture,"Washington, DC",,"[""yellowpages""]",,,2025-10-08T05:42:32.743Z,2025-10-08T05:42:32.743Z
5209,Staples,http://www.staples.com,staples.com,furniture,"Washington, DC",,"[""yellowpages""]",,,2025-10-08T05:42:32.743Z,2025-10-08T05:42:32.743Z
5210,Ofs Brands Holdings,http://ofsbrands.com,ofsbrands.com,furniture,"Washington, DC",,"[""yellowpages""]",,,2025-10-08T05:42:32.743Z,2025-10-08T05:42:32.743Z
5211,Flatpackservice.com,http://www.flatpackservice.com,flatpackservice.com,furniture,"Washington, DC",,"[""yellowpages""]",,,2025-10-08T05:42:32.744Z,2025-10-08T05:42:32.744Z
5212,Georgetown Refinishing & Antique Restoration,http://www.georgetownrefinishing.com,georgetownrefinishing.com,furniture,"Washington, DC",,"[""yellowpages""]",,,2025-10-08T05:42:32.744Z,2025-10-08T05:42:32.744Z
5213,Goodwill Stores,https://dcgoodwill.org,dcgoodwill.org,furniture,"Washington, DC",,"[""yellowpages""]",,,2025-10-08T05:42:32.744Z,2025-10-08T05:42:32.744Z
5214,Standard Office Supply,http://www.standardofficesupply.com,standardofficesupply.com,furniture,"Washington, DC",,"[""yellowpages""]",,,2025-10-08T05:42:32.744Z,2025-10-08T05:42:32.744Z
5215,Mattress Discounters,http://www.mattressdiscounters.com,mattressdiscounters.com,furniture,"Washington, DC",,"[""yellowpages""]",,,2025-10-08T05:42:32.744Z,2025-10-08T05:42:32.744Z
5216,Ethan Allen,http://councilofnonprofits.org,councilofnonprofits.org,furniture,"Washington, DC",,"[""yellowpages""]",,,2025-10-08T05:42:32.744Z,2025-10-08T05:42:32.744Z
5217,"Chl Business Interiors, Inc.",http://www.chlbi.com,chlbi.com,furniture,"Washington, DC",,"[""yellowpages""]",,,2025-10-08T05:42:32.744Z,2025-10-08T05:42:32.744Z
5218,Galleria International Ltd,https://www.galleriacarpets.com,galleriacarpets.com,furniture,"Washington, DC",,"[""yellowpages""]",,,2025-10-08T05:42:32.744Z,2025-10-08T05:42:32.744Z
5219,Dedon,https://www.dedon.de,dedon.de,furniture,"Washington, DC",,"[""yellowpages""]",,,2025-10-08T05:42:32.745Z,2025-10-08T05:42:32.745Z
5220,American Eye,https://www.americaneyewdc.net,americaneyewdc.net,furniture,"Washington, DC",,"[""yellowpages""]",,,2025-10-08T05:42:32.745Z,2025-10-08T05:42:32.745Z
5221,Michael Manes,http://michaelkors.com,michaelkors.com,furniture,"Washington, DC",,"[""yellowpages""]",,,2025-10-08T05:42:32.745Z,2025-10-08T05:42:32.745Z
5222,Nadeau Georgetown,http://www.furniturewithasoul.com,furniturewithasoul.com,furniture,"Washington, DC",,"[""yellowpages""]",,,2025-10-08T05:42:32.745Z,2025-10-08T05:42:32.745Z
5223,Random Harvest,http://www.randomharvesthome.com,randomharvesthome.com,furniture,"Washington, DC",,"[""yellowpages""]",,,2025-10-08T05:42:32.745Z,2025-10-08T05:42:32.745Z
5224,M2l Collection,http://www.m2lcollection.com,m2lcollection.com,furniture,"Washington, DC",,"[""yellowpages""]",,,2025-10-08T05:42:32.746Z,2025-10-08T05:42:32.746Z
5225,Wmata,http://wmata.com,wmata.com,furniture,"Washington, DC",,"[""yellowpages""]",,,2025-10-08T05:42:32.746Z,2025-10-08T05:42:32.746Z
5226,Pottery Barn,http://potterybarn.com,potterybarn.com,furniture,"Washington, DC",,"[""yellowpages""]",,,2025-10-08T05:42:32.746Z,2025-10-08T05:42:32.746Z
5227,Office 48 Inc,http://www.office48.com,office48.com,furniture,"Washington, DC",,"[""yellowpages""]",,,2025-10-08T05:42:32.746Z,2025-10-08T05:42:32.746Z
5228,Teknion,https://www.teknion.com/locations/locations-showrooms,teknion.com,furniture,"Washington, DC",,"[""yellowpages""]",,,2025-10-08T05:42:32.746Z,2025-10-08T05:42:32.746Z
5229,Trendway Corp,http://www.trendway.com,trendway.com,furniture,"Washington, DC",,"[""yellowpages""]",,,2025-10-08T05:42:32.746Z,2025-10-08T05:42:32.746Z
5230,Steelcase Inc,https://www.steelcase.com,steelcase.com,furniture,"Washington, DC",,"[""yellowpages""]",,,2025-10-08T05:42:32.746Z,2025-10-08T05:42:32.746Z
5231,Peabody Office Furniture,https://www.peabodyoffice.com/contact-us,peabodyoffice.com,furniture,"Washington, DC",,"[""yellowpages""]",,,2025-10-08T05:42:32.746Z,2025-10-08T05:42:32.746Z
5232,Infinity Staffing,http://www.infinity-staff.com/offices.html,infinity-staff.com,furniture,"Washington, DC",,"[""yellowpages""]",,,2025-10-08T05:42:32.747Z,2025-10-08T05:42:32.747Z
5233,Bialek Environments,https://bialek.com/contact,bialek.com,furniture,"Washington, DC",,"[""yellowpages""]",,,2025-10-08T05:42:32.747Z,2025-10-08T05:42:32.747Z
5234,Niermann Weeks Co Inc,http://niermannweeks.com,niermannweeks.com,furniture,"Washington, DC",,"[""yellowpages""]",,,2025-10-08T05:42:32.747Z,2025-10-08T05:42:32.747Z
5235,Miss Pixie's Furnishings & Whatnot,https://www.misspixies.com,misspixies.com,furniture,"Washington, DC",,"[""yellowpages""]",,,2025-10-08T05:42:32.747Z,2025-10-08T05:42:32.747Z
5236,Washington Photocopy,http://doctorloanprogram.com,doctorloanprogram.com,furniture,"Washington, DC",,"[""yellowpages""]",,,2025-10-08T05:42:32.748Z,2025-10-08T05:42:32.748Z
5237,Mom N' Pop Antiques,https://attic.city,attic.city,furniture,"Washington, DC",,"[""yellowpages""]",,,2025-10-08T05:42:32.748Z,2025-10-08T05:42:32.748Z
5238,Trendway,https://trendway.kmotion.me/news/trendway-opens-new-showroom-in-washington-d-c,trendway.kmotion.me,furniture,"Washington, DC",,"[""yellowpages""]",,,2025-10-08T05:42:32.748Z,2025-10-08T05:42:32.748Z
5239,Goodwill Stores,http://goodwillfirstinc.com,goodwillfirstinc.com,furniture,"Washington, DC",,"[""yellowpages""]",,,2025-10-08T05:42:32.748Z,2025-10-08T05:42:32.748Z
5240,"Bluebay Office, Inc.",https://www.bluebayoffice.com,bluebayoffice.com,furniture,"Washington, DC",,"[""yellowpages""]",,,2025-10-08T05:42:32.748Z,2025-10-08T05:42:32.748Z
5241,NBA Office Products,http://www.nbaofficepro.com,nbaofficepro.com,furniture,"Washington, DC",,"[""yellowpages""]",,,2025-10-08T05:42:32.748Z,2025-10-08T05:42:32.748Z
5242,Simon Vintage,http://simonvintage.com,simonvintage.com,furniture,"Washington, DC",,"[""yellowpages""]",,,2025-10-08T05:42:32.748Z,2025-10-08T05:42:32.748Z
5243,More Space Place,http://morespaceplace.com,morespaceplace.com,furniture,"Washington, DC",,"[""yellowpages""]",,,2025-10-08T05:42:32.749Z,2025-10-08T05:42:32.749Z
5244,Ashley HomeStore,http://www.ashleyfurniturehomestore.com,ashleyfurniturehomestore.com,furniture,"Washington, DC",,"[""yellowpages""]",,,2025-10-08T05:42:32.749Z,2025-10-08T05:42:32.749Z
5245,Exclusive Furniture,http://charleys.com,charleys.com,furniture,"Washington, DC",,"[""yellowpages""]",,,2025-10-08T05:42:32.749Z,2025-10-08T05:42:32.749Z
5246,Yogibo,http://yogibo.com,yogibo.com,furniture,"Washington, DC",,"[""yellowpages""]",,,2025-10-08T05:42:32.749Z,2025-10-08T05:42:32.749Z
7169,"Harry & Sons Contracting Co, Inc",http://www.harryandsonsroofing.com,harryandsonsroofing.com,siding,"Washington, DC",,"[""yellowpages""]",,,2025-10-08T06:05:45.311Z,2025-10-08T06:05:45.315Z
7170,ASAP General Contractors Inc,http://asaproofingandexteriors.com,asaproofingandexteriors.com,siding,"Washington, DC",,"[""yellowpages""]",,,2025-10-08T06:05:45.312Z,2025-10-08T06:05:45.312Z
7171,Area Roofing & Siding Co Inc,http://arearoofingandsiding.net,arearoofingandsiding.net,siding,"Washington, DC",,"[""yellowpages""]",,,2025-10-08T06:05:45.312Z,2025-10-08T06:05:45.312Z
7172,Vinyl Siding Institute,https://www.vinylsiding.org,vinylsiding.org,siding,"Washington, DC",,"[""yellowpages""]",,,2025-10-08T06:05:45.312Z,2025-10-08T06:05:45.312Z
7173,The Niskanen Center,https://www.niskanencenter.org/contact-us,niskanencenter.org,siding,"Washington, DC",,"[""yellowpages""]",,,2025-10-08T06:05:45.313Z,2025-10-08T06:05:45.313Z
7174,Swann Construction Inc,https://swannconstructioninc.com/projects.htm,swannconstructioninc.com,siding,"Washington, DC",,"[""yellowpages""]",,,2025-10-08T06:05:45.313Z,2025-10-08T06:05:45.313Z
7175,Siding Universe,http://www.simplysmartersiding.com/contact.htm,simplysmartersiding.com,siding,"Washington, DC",,"[""yellowpages""]",,,2025-10-08T06:05:45.316Z,2025-10-08T06:05:45.316Z
7176,J R Roofing & Siding Co Inc,http://www.jrroofingandsidingco.com,jrroofingandsidingco.com,siding,"Washington, DC",,"[""yellowpages""]",,,2025-10-08T06:05:45.316Z,2025-10-08T06:05:45.316Z
7177,AROCON Roofing VA,https://www.aroconllc.com/service-area/alexandria-va,aroconllc.com,siding,"Washington, DC",,"[""yellowpages""]",,,2025-10-08T06:05:45.316Z,2025-10-08T06:05:45.316Z
7178,Insured Roofs-Arlington Branch,http://www.insuredroofs.com,insuredroofs.com,siding,"Washington, DC",,"[""yellowpages""]",,,2025-10-08T06:05:45.316Z,2025-10-08T06:05:45.316Z
7179,Painter Roofing and Construction,https://www.painterroofing.com,painterroofing.com,siding,"Washington, DC",,"[""yellowpages""]",,,2025-10-08T06:05:45.317Z,2025-10-08T06:05:45.317Z
7180,"Remedy Roofing and Remodeling, LLC",http://www.callremedy.com,callremedy.com,siding,"Washington, DC",,"[""yellowpages""]",,,2025-10-08T06:05:45.317Z,2025-10-08T06:05:45.317Z
7181,BC Roofing Solutions,https://bcroofingco.com,bcroofingco.com,siding,"Washington, DC",,"[""yellowpages""]",,,2025-10-08T06:05:45.317Z,2025-10-08T06:05:45.317Z
7182,R W Kibler General Contracting,http://www.rwkibler.com,rwkibler.com,siding,"Washington, DC",,"[""yellowpages""]",,,2025-10-08T06:05:45.318Z,2025-10-08T06:05:45.318Z
7183,LCR Exteriors,https://lowcostroofingva.com,lowcostroofingva.com,siding,"Washington, DC",,"[""yellowpages""]",,,2025-10-08T06:05:45.318Z,2025-10-08T06:05:45.318Z
7184,Hodges Windows & Doors,https://www.hodgescompany.com,hodgescompany.com,siding,"Washington, DC",,"[""yellowpages""]",,,2025-10-08T06:05:45.318Z,2025-10-08T06:05:45.318Z
7185,Corley Roofing & Sheet Metal Co Inc,http://www.corleyroofing.com,corleyroofing.com,siding,"Washington, DC",,"[""yellowpages""]",,,2025-10-08T06:05:45.318Z,2025-10-08T06:05:45.318Z
7186,SK Capital Services,https://www.skcapitalservices.com,skcapitalservices.com,siding,"Washington, DC",,"[""yellowpages""]",,,2025-10-08T06:05:45.318Z,2025-10-08T06:05:45.318Z
7187,Sunrise Exterior Solutions,https://sunriseexteriorsolutions.com/about-us,sunriseexteriorsolutions.com,siding,"Washington, DC",,"[""yellowpages""]",,,2025-10-08T06:05:45.318Z,2025-10-08T06:05:45.318Z
7188,The Home Doctor,https://www.yourhomedr.com,yourhomedr.com,siding,"Washington, DC",,"[""yellowpages""]",,,2025-10-08T06:05:45.318Z,2025-10-08T06:05:45.318Z
7189,Georgetown Roofing,https://www.georgetownroofing.com/contact,georgetownroofing.com,siding,"Washington, DC",,"[""yellowpages""]",,,2025-10-08T06:05:45.318Z,2025-10-08T06:05:45.318Z
7190,St Josephs Roofing Inc,https://www.vrg.org,vrg.org,siding,"Washington, DC",,"[""yellowpages""]",,,2025-10-08T06:05:45.319Z,2025-10-08T06:05:45.319Z
7191,Southern Insulation Inc,http://southerninsulation.com,southerninsulation.com,siding,"Washington, DC",,"[""yellowpages""]",,,2025-10-08T06:05:45.319Z,2025-10-08T06:05:45.319Z
9429,John D Richardson Window Installation Company,https://johndrichardsoncompany.com/contact,johndrichardsoncompany.com,windows,"Washington, DC",,"[""yellowpages""]",,,2025-10-08T06:21:39.718Z,2025-10-08T06:21:39.718Z
9430,National Wood Window & Door,https://www.nationalwood-windowinstallation-washington.site,nationalwood-windowinstallation-washington.site,windows,"Washington, DC",,"[""yellowpages""]",,,2025-10-08T06:21:39.723Z,2025-10-08T06:21:39.723Z
9431,Architectural Window Corp,https://www.architecturalwindowcorp.com/about-us,architecturalwindowcorp.com,windows,"Washington, DC",,"[""yellowpages""]",,,2025-10-08T06:21:39.723Z,2025-10-08T06:21:39.723Z
9432,Innovo Construction,https://innovoconstruction.com/contact.php,innovoconstruction.com,windows,"Washington, DC",,"[""yellowpages""]",,,2025-10-08T06:21:39.724Z,2025-10-08T06:21:39.724Z
9433,Stoneside Blinds & Shades Alexandria,https://www.stoneside.com/office/alexandria-virginia?utm_source=ExtNet&utm_medium=Yext,stoneside.com,windows,"Washington, DC",,"[""yellowpages""]",,,2025-10-08T06:21:39.724Z,2025-10-08T06:21:39.727Z
9434,The French Steel Company,https://www.frenchsteel.com,frenchsteel.com,windows,"Washington, DC",,"[""yellowpages""]",,,2025-10-08T06:21:39.724Z,2025-10-08T06:21:39.724Z
9435,Restoration Hardware,http://www.restorationhardware.com/store-locations/store.jsp?storeid=53,restorationhardware.com,windows,"Washington, DC",,"[""yellowpages""]",,,2025-10-08T06:21:39.724Z,2025-10-08T06:21:39.724Z
9436,"Window Replacement DC - Professional Window Installation, & Front Door Installation",https://window-replacement-dc.com,window-replacement-dc.com,windows,"Washington, DC",,"[""yellowpages""]",,,2025-10-08T06:21:39.724Z,2025-10-08T06:21:39.724Z
9437,Home Services at The Home Depot,https://www.homedepot.com/l/NE-Washington-DC/DC/Washington/20018/2583/services?cm_mmc=old-llm-2583-x,homedepot.com,windows,"Washington, DC",,"[""yellowpages""]",,,2025-10-08T06:21:39.724Z,2025-10-08T06:21:39.724Z
9438,Mission Exteriors,https://www.missionexteriors.com/contact,missionexteriors.com,windows,"Washington, DC",,"[""yellowpages""]",,,2025-10-08T06:21:39.725Z,2025-10-08T06:21:39.725Z
9439,Glass Experts DC,https://www.expertglassrepair.com,expertglassrepair.com,windows,"Washington, DC",,"[""yellowpages""]",,,2025-10-08T06:21:39.725Z,2025-10-08T06:21:39.725Z
9440,Cap 8 Doors & Hardware,https://www.cap8doors.com,cap8doors.com,windows,"Washington, DC",,"[""yellowpages""]",,,2025-10-08T06:21:39.725Z,2025-10-08T06:21:39.725Z
9441,Budget Blinds of Northwest Washington DC & National Harbor,https://budgetblinds.com/NW-Washington-DC-MD,budgetblinds.com,windows,"Washington, DC",,"[""yellowpages""]",,,2025-10-08T06:21:39.725Z,2025-10-08T06:21:39.725Z
9442,Virginia Glass Services,http://www.virginiaglassservices.com,virginiaglassservices.com,windows,"Washington, DC",,"[""yellowpages""]",,,2025-10-08T06:21:39.725Z,2025-10-08T06:21:39.725Z
9443,Build Properties,https://buildproperties.andersenwindowscertifiedcontractors.com,buildproperties.andersenwindowscertifiedcontractors.com,windows,"Washington, DC",,"[""yellowpages""]",,,2025-10-08T06:21:39.726Z,2025-10-08T06:21:39.726Z
9444,Window Replacement Arlington,https://windowreplacementarlingtonva.com,windowreplacementarlingtonva.com,windows,"Washington, DC",,"[""yellowpages""]",,,2025-10-08T06:21:39.726Z,2025-10-08T06:21:39.726Z
9445,Pella Windows,https://www.pella.com/locations/md/bethesda,pella.com,windows,"Washington, DC",,"[""yellowpages""]",,,2025-10-08T06:21:39.726Z,2025-10-08T06:21:39.726Z
9446,Supreme Window,https://supreme-window.com,supreme-window.com,windows,"Washington, DC",,"[""yellowpages""]",,,2025-10-08T06:21:39.726Z,2025-10-08T06:21:39.726Z
9447,WindowsDirect-VA-com,http://windowsdirect-va.com,windowsdirect-va.com,windows,"Washington, DC",,"[""yellowpages""]",,,2025-10-08T06:21:39.726Z,2025-10-08T06:21:39.726Z
9448,American Energy Master Inc,https://www.americanenergymaster.com/contact-us,americanenergymaster.com,windows,"Washington, DC",,"[""yellowpages""]",,,2025-10-08T06:21:39.726Z,2025-10-08T06:21:39.726Z
9449,The Window Man,http://www.thewindowman.com,thewindowman.com,windows,"Washington, DC",,"[""yellowpages""]",,,2025-10-08T06:21:39.726Z,2025-10-08T06:21:39.726Z
9450,A A Windows & Glass Inc,https://anawindowrepair.com,anawindowrepair.com,windows,"Washington, DC",,"[""yellowpages""]",,,2025-10-08T06:21:39.726Z,2025-10-08T06:21:39.726Z
9451,Universal Windows Direct,https://www.universalwindowsdirect.com,universalwindowsdirect.com,windows,"Washington, DC",,"[""yellowpages""]",,,2025-10-08T06:21:39.727Z,2025-10-08T06:21:39.727Z
9452,Window Universe-Washington Dc Metro,http://www.thefutureofreplacementwindows.com,thefutureofreplacementwindows.com,windows,"Washington, DC",,"[""yellowpages""]",,,2025-10-08T06:21:39.727Z,2025-10-08T06:21:39.727Z
9453,Clark Hall Doors and Windows,https://clarkhalldoors.com/washington-dc-location,clarkhalldoors.com,windows,"Washington, DC",,"[""yellowpages""]",,,2025-10-08T06:21:39.727Z,2025-10-08T06:21:39.727Z
9454,Painter Roofing and Construction,https://www.painterroofing.com,painterroofing.com,windows,"Washington, DC",,"[""yellowpages""]",,,2025-10-08T06:21:39.727Z,2025-10-08T06:21:39.727Z
9455,AROCON Roofing VA,https://www.aroconllc.com/service-area/alexandria-va,aroconllc.com,windows,"Washington, DC",,"[""yellowpages""]",,,2025-10-08T06:21:39.727Z,2025-10-08T06:21:39.727Z
9456,Multiservices A & Sons,http://multiservicesaandsonsllc.com,multiservicesaandsonsllc.com,windows,"Washington, DC",,"[""yellowpages""]",,,2025-10-08T06:21:39.727Z,2025-10-08T06:21:39.727Z
9457,Hodges Windows & Doors,https://www.hodgescompany.com,hodgescompany.com,windows,"Washington, DC",,"[""yellowpages""]",,,2025-10-08T06:21:39.727Z,2025-10-08T06:21:39.727Z
9458,Glassprom,https://www.glasspromllc.com,glasspromllc.com,windows,"Washington, DC",,"[""yellowpages""]",,,2025-10-08T06:21:39.727Z,2025-10-08T06:21:39.727Z
9459,Next-Day Glass & Windows,https://www.nextdayglassandwindow.com,nextdayglassandwindow.com,windows,"Washington, DC",,"[""yellowpages""]",,,2025-10-08T06:21:39.728Z,2025-10-08T06:21:39.728Z
9460,Supreme Aluminum Products Inc,http://www.supremealuminum.com,supremealuminum.com,windows,"Washington, DC",,"[""yellowpages""]",,,2025-10-08T06:21:39.728Z,2025-10-08T06:21:39.728Z
9461,Phoenix Restoration,http://www.phoenixgrp-dc.com,phoenixgrp-dc.com,windows,"Washington, DC",,"[""yellowpages""]",,,2025-10-08T06:21:39.728Z,2025-10-08T06:21:39.728Z
9462,The Home Doctor,https://www.yourhomedr.com,yourhomedr.com,windows,"Washington, DC",,"[""yellowpages""]",,,2025-10-08T06:21:39.728Z,2025-10-08T06:21:39.728Z
9463,Corley Roofing & Sheet Metal Co Inc,http://www.corleyroofing.com,corleyroofing.com,windows,"Washington, DC",,"[""yellowpages""]",,,2025-10-08T06:21:39.728Z,2025-10-08T06:21:39.728Z
9464,Family Home Improvement,http://familyhomeimprovement.com,familyhomeimprovement.com,windows,"Washington, DC",,"[""yellowpages""]",,,2025-10-08T06:21:39.755Z,2025-10-08T06:21:39.755Z